2026-05-26T15:46:32.734625815,GET,Airplane model,A320
2026-05-26T15:46:32.747403820,GET,Airplane model,A388
2026-05-26T15:46:32.751255642,GET,Airplane model,AT76
2026-05-26T15:46:32.754517154,GET,Airplane model,B738
2026-05-26T15:46:32.754925250,GET,All airplane models,
2026-05-26T15:46:32.758989402,GET,Airplane model,A320
2026-05-26T15:46:32.762096278,GET,Airplane model,A388
2026-05-26T15:46:32.765190851,GET,Airplane model,AT76
2026-05-26T15:46:32.768487428,GET,Airplane model,B738
2026-05-26T15:46:32.768888904,GET,All airplane models,
2026-05-26T15:46:52.728281668,GET,Country,FRA
2026-05-26T15:46:52.731242314,GET,City,PAR
2026-05-26T15:46:52.743509741,GET,Country,ROU
2026-05-26T15:46:52.744060603,GET,City,BUH
2026-05-26T15:46:52.752838344,GET,Country,SGP
2026-05-26T15:46:52.753509383,GET,City,SIN
2026-05-26T15:46:52.761393079,GET,Country,USA
2026-05-26T15:46:52.761959006,GET,City,NYC
2026-05-26T15:46:52.763671382,GET,All cities,
2026-05-26T15:46:52.771175823,GET,Country,FRA
2026-05-26T15:46:52.771521760,GET,City,PAR
2026-05-26T15:46:52.776811513,GET,Country,ROU
2026-05-26T15:46:52.777335441,GET,City,BUH
2026-05-26T15:46:52.784057067,GET,Country,SGP
2026-05-26T15:46:52.784552113,GET,City,SIN
2026-05-26T15:46:52.790101776,GET,Country,USA
2026-05-26T15:46:52.790541848,GET,City,NYC
2026-05-26T15:46:52.790815552,GET,All cities,
2026-05-26T15:47:04.585964264,GET,Country,FRA
2026-05-26T15:47:04.591929105,GET,Country,ROU
2026-05-26T15:47:04.598303514,GET,Country,SGP
2026-05-26T15:47:04.607058376,GET,Country,USA
2026-05-26T15:47:04.607984832,GET,All countries,
2026-05-26T15:47:28.010154277,GET,Country,USA
2026-05-26T15:53:28.466316464,GET,Country,ROU
2026-05-26T15:53:28.485392744,GET,Country,ROU
2026-05-26T15:53:28.485974028,GET,Passenger,1
2026-05-26T15:53:28.498807035,GET,Country,ROU
2026-05-26T15:53:28.503388047,GET,Country,ROU
2026-05-26T15:53:28.503861484,GET,Passenger,2
2026-05-26T15:53:28.509502768,GET,Country,FRA
2026-05-26T15:53:28.513061389,GET,Country,FRA
2026-05-26T15:53:28.513478660,GET,Passenger,3
2026-05-26T15:53:28.513635769,GET,All passengers,
2026-05-26T15:53:28.518869611,GET,Country,ROU
2026-05-26T15:53:28.520926581,GET,Country,ROU
2026-05-26T15:53:28.521134961,GET,Passenger,1
2026-05-26T15:53:28.525109212,GET,Country,ROU
2026-05-26T15:53:28.528129438,GET,Country,ROU
2026-05-26T15:53:28.528580097,GET,Passenger,2
2026-05-26T15:53:28.533114341,GET,Country,FRA
2026-05-26T15:53:28.538249366,GET,Country,FRA
2026-05-26T15:53:28.538681680,GET,Passenger,3
2026-05-26T15:53:28.538910438,GET,All passengers,
2026-05-26T16:07:44.466936604,GET,Country,ROU
2026-05-26T16:07:44.478946542,GET,City,BUH
2026-05-26T17:26:48.771358263,GET,Airplane model,A320
2026-05-26T17:26:48.777012994,GET,Airplane model,A388
2026-05-26T17:26:48.778637816,GET,Airplane model,AT76
2026-05-26T17:26:48.779943714,GET,Airplane model,B738
2026-05-26T17:26:48.780130952,GET,All airplane models,
2026-05-26T17:30:02.854896505,ADD,Airplane Model,B789
2026-05-26T17:30:05.969335639,GET,Airplane model,A320
2026-05-26T17:30:05.973759037,GET,Airplane model,A388
2026-05-26T17:30:05.975461951,GET,Airplane model,AT76
2026-05-26T17:30:05.977116144,GET,Airplane model,B738
2026-05-26T17:30:05.978213522,GET,Airplane model,B789
2026-05-26T17:30:05.978366633,GET,All airplane models,
2026-05-26T17:30:15.071364283,GET,Country,ROU
2026-05-26T17:30:15.072615961,GET,City,BUH
2026-05-26T17:30:15.073195124,GET,Airport,OTP
2026-05-26T17:30:15.078369605,GET,Country,FRA
2026-05-26T17:30:15.078625415,GET,City,PAR
2026-05-26T17:30:15.079396217,GET,Airport,CDG
2026-05-26T17:30:15.079612346,GET,Route,R-OTP-CDG
2026-05-26T17:30:15.083642339,GET,Airplane model,A320
2026-05-26T17:30:15.084005383,GET,Airplane,YR-LRC
2026-05-26T17:30:15.092465442,GET,Country,FRA
2026-05-26T17:30:15.092752278,GET,City,PAR
2026-05-26T17:30:15.092897193,GET,Airport,CDG
2026-05-26T17:30:15.097063052,GET,Country,ROU
2026-05-26T17:30:15.097272705,GET,City,BUH
2026-05-26T17:30:15.097352037,GET,Airport,OTP
2026-05-26T17:30:15.097412899,GET,Route,R-CDG-OTP
2026-05-26T17:30:15.099288150,GET,Airplane model,B738
2026-05-26T17:30:15.099479253,GET,Airplane,YR-BMS
2026-05-26T17:30:15.101646115,GET,Country,FRA
2026-05-26T17:30:15.101764045,GET,City,PAR
2026-05-26T17:30:15.101821621,GET,Airport,CDG
2026-05-26T17:30:15.104990157,GET,Country,USA
2026-05-26T17:30:15.105254969,GET,City,NYC
2026-05-26T17:30:15.106223221,GET,Airport,JFK
2026-05-26T17:30:15.106432379,GET,Route,R-CDG-JFK
2026-05-26T17:30:15.110682122,GET,Airplane model,A388
2026-05-26T17:30:15.111009321,GET,Airplane,YR-AIR
2026-05-26T17:30:15.116633313,GET,Country,ROU
2026-05-26T17:30:15.116823085,GET,City,BUH
2026-05-26T17:30:15.116915095,GET,Airport,OTP
2026-05-26T17:30:15.119927293,GET,Country,SGP
2026-05-26T17:30:15.120118624,GET,City,SIN
2026-05-26T17:30:15.120384648,GET,Airport,SIN
2026-05-26T17:30:15.120479788,GET,Route,R-OTP-SIN
2026-05-26T17:30:15.122835794,GET,Airplane model,A388
2026-05-26T17:30:15.123124919,GET,Airplane,YR-AIR
2026-05-26T17:30:15.123382657,GET,All flights,
2026-05-26T17:30:29.955368637,GET,Country,ROU
2026-05-26T17:30:29.957260367,GET,Country,ROU
2026-05-26T17:30:29.957403529,GET,Passenger,1
2026-05-26T17:30:29.959628321,GET,Country,ROU
2026-05-26T17:30:29.960979041,GET,Country,ROU
2026-05-26T17:30:29.961087553,GET,Passenger,2
2026-05-26T17:30:29.963311527,GET,Country,FRA
2026-05-26T17:30:29.964579980,GET,Country,FRA
2026-05-26T17:30:29.964679302,GET,Passenger,3
2026-05-26T17:30:29.964728419,GET,All passengers,
2026-05-26T17:33:16.908989457,GET,Country,ROU
2026-05-26T17:33:16.912676027,GET,City,BUH
2026-05-26T17:33:16.912979052,GET,Airport,OTP
2026-05-26T17:33:16.916564045,GET,Country,FRA
2026-05-26T17:33:16.916720061,GET,City,PAR
2026-05-26T17:33:16.917207488,GET,Airport,CDG
2026-05-26T17:33:16.917323245,GET,Route,R-OTP-CDG
2026-05-26T17:33:16.919815726,GET,Airplane model,A320
2026-05-26T17:33:16.920218683,GET,Airplane,YR-LRC
2026-05-26T17:33:16.923438620,GET,Country,FRA
2026-05-26T17:33:16.923572667,GET,City,PAR
2026-05-26T17:33:16.923642045,GET,Airport,CDG
2026-05-26T17:33:16.925057480,GET,Country,ROU
2026-05-26T17:33:16.925172555,GET,City,BUH
2026-05-26T17:33:16.925264638,GET,Airport,OTP
2026-05-26T17:33:16.925328750,GET,Route,R-CDG-OTP
2026-05-26T17:33:16.927828753,GET,Airplane model,B738
2026-05-26T17:33:16.928150383,GET,Airplane,YR-BMS
2026-05-26T17:33:16.931825838,GET,Country,FRA
2026-05-26T17:33:16.932009948,GET,City,PAR
2026-05-26T17:33:16.932126381,GET,Airport,CDG
2026-05-26T17:33:16.934680833,GET,Country,USA
2026-05-26T17:33:16.934841466,GET,City,NYC
2026-05-26T17:33:16.935694937,GET,Airport,JFK
2026-05-26T17:33:16.935802122,GET,Route,R-CDG-JFK
2026-05-26T17:33:16.938000751,GET,Airplane model,A388
2026-05-26T17:33:16.938296747,GET,Airplane,YR-AIR
2026-05-26T17:33:16.940571174,GET,Country,ROU
2026-05-26T17:33:16.940667423,GET,City,BUH
2026-05-26T17:33:16.940728873,GET,Airport,OTP
2026-05-26T17:33:16.943330212,GET,Country,SGP
2026-05-26T17:33:16.943502933,GET,City,SIN
2026-05-26T17:33:16.943740305,GET,Airport,SIN
2026-05-26T17:33:16.943845689,GET,Route,R-OTP-SIN
2026-05-26T17:33:16.945844186,GET,Airplane model,A388
2026-05-26T17:33:16.946009896,GET,Airplane,YR-AIR
2026-05-26T17:33:16.946188390,GET,All flights,
2026-05-26T17:35:31.666944467,GET,Country,ROU
2026-05-26T17:35:31.670571855,GET,City,BUH
2026-05-26T17:35:31.670823776,GET,Airport,OTP
2026-05-26T17:35:31.673642638,GET,Country,FRA
2026-05-26T17:35:31.673786370,GET,City,PAR
2026-05-26T17:35:31.674184430,GET,Airport,CDG
2026-05-26T17:35:31.674303622,GET,Route,R-OTP-CDG
2026-05-26T17:35:31.677242086,GET,Airplane model,A320
2026-05-26T17:35:31.677707993,GET,Airplane,YR-LRC
2026-05-26T17:35:31.681486429,GET,Country,FRA
2026-05-26T17:35:31.681652691,GET,City,PAR
2026-05-26T17:35:31.681733560,GET,Airport,CDG
2026-05-26T17:35:31.683973265,GET,Country,ROU
2026-05-26T17:35:31.684118543,GET,City,BUH
2026-05-26T17:35:31.684204351,GET,Airport,OTP
2026-05-26T17:35:31.684274976,GET,Route,R-CDG-OTP
2026-05-26T17:35:31.685579954,GET,Airplane model,B738
2026-05-26T17:35:31.685736968,GET,Airplane,YR-BMS
2026-05-26T17:35:31.687677331,GET,Country,FRA
2026-05-26T17:35:31.687782471,GET,City,PAR
2026-05-26T17:35:31.687866812,GET,Airport,CDG
2026-05-26T17:35:31.689219380,GET,Country,USA
2026-05-26T17:35:31.689306692,GET,City,NYC
2026-05-26T17:35:31.689755018,GET,Airport,JFK
2026-05-26T17:35:31.689823967,GET,Route,R-CDG-JFK
2026-05-26T17:35:31.690914903,GET,Airplane model,A388
2026-05-26T17:35:31.691111268,GET,Airplane,YR-AIR
2026-05-26T17:35:31.692985947,GET,Country,ROU
2026-05-26T17:35:31.693082118,GET,City,BUH
2026-05-26T17:35:31.693141208,GET,Airport,OTP
2026-05-26T17:35:31.695937748,GET,Country,SGP
2026-05-26T17:35:31.696105474,GET,City,SIN
2026-05-26T17:35:31.696332809,GET,Airport,SIN
2026-05-26T17:35:31.696422271,GET,Route,R-OTP-SIN
2026-05-26T17:35:31.698793434,GET,Airplane model,A388
2026-05-26T17:35:31.699065274,GET,Airplane,YR-AIR
2026-05-26T17:35:31.699334034,GET,All flights,
2026-05-26T17:36:48.999048171,GET,Country,FRA
2026-05-26T17:36:49.004309199,GET,Country,ROU
2026-05-26T17:36:49.005548266,GET,Country,SGP
2026-05-26T17:36:49.006758842,GET,Country,USA
2026-05-26T17:36:49.006905857,GET,All countries,
2026-05-26T17:43:17.830856342,GET,Country,FRA
2026-05-26T17:43:17.836399956,GET,City,PAR
2026-05-26T17:43:17.839409969,GET,Country,ROU
2026-05-26T17:43:17.839623790,GET,City,BUH
2026-05-26T17:43:17.842322796,GET,Country,SGP
2026-05-26T17:43:17.842492807,GET,City,SIN
2026-05-26T17:43:17.844028474,GET,Country,USA
2026-05-26T17:43:17.844179988,GET,City,NYC
2026-05-26T17:43:17.844650339,GET,All cities,
2026-05-26T17:43:24.827910745,GET,Country,FRA
2026-05-26T17:43:24.832964172,GET,Country,ROU
2026-05-26T17:43:24.835861701,GET,Country,SGP
2026-05-26T17:43:24.837623621,GET,Country,USA
2026-05-26T17:43:24.837812575,GET,All countries,
2026-05-26T17:43:48.464379503,ADD,Country,AAA
2026-05-26T17:43:52.409941879,GET,Country,AAA
2026-05-26T17:43:52.413269567,GET,Country,FRA
2026-05-26T17:43:52.415677686,GET,Country,ROU
2026-05-26T17:43:52.417094359,GET,Country,SGP
2026-05-26T17:43:52.418143751,GET,Country,USA
2026-05-26T17:43:52.418272317,GET,All countries,
2026-05-26T17:44:04.159654498,GET,Country,AAA
2026-05-26T17:44:04.231893582,DELETE,Country,AAA
2026-05-26T17:44:06.344913417,GET,Country,FRA
2026-05-26T17:44:06.347033562,GET,Country,ROU
2026-05-26T17:44:06.348594470,GET,Country,SGP
2026-05-26T17:44:06.349827909,GET,Country,USA
2026-05-26T17:44:06.349964275,GET,All countries,
2026-05-26T17:44:23.636604482,GET,Country,ROU
2026-05-26T17:44:23.636790663,GET,City,BUH
2026-05-26T17:44:23.641251896,GET,Airport,OTP
2026-05-26T17:44:23.643780325,GET,Country,FRA
2026-05-26T17:44:23.643903216,GET,City,PAR
2026-05-26T17:44:23.643975989,GET,Airport,CDG
2026-05-26T17:44:23.644094216,GET,Route,R-OTP-CDG
2026-05-26T17:44:23.647209665,GET,Airplane model,A320
2026-05-26T17:44:23.647755344,GET,Airplane,YR-LRC
2026-05-26T17:44:23.651949898,GET,Country,FRA
2026-05-26T17:44:23.652093607,GET,City,PAR
2026-05-26T17:44:23.652181134,GET,Airport,CDG
2026-05-26T17:44:23.653868226,GET,Country,ROU
2026-05-26T17:44:23.653972815,GET,City,BUH
2026-05-26T17:44:23.654043227,GET,Airport,OTP
2026-05-26T17:44:23.654114682,GET,Route,R-CDG-OTP
2026-05-26T17:44:23.655660479,GET,Airplane model,B738
2026-05-26T17:44:23.655831693,GET,Airplane,YR-BMS
2026-05-26T17:44:23.658918929,GET,Country,FRA
2026-05-26T17:44:23.659027539,GET,City,PAR
2026-05-26T17:44:23.659079628,GET,Airport,CDG
2026-05-26T17:44:23.661100559,GET,Country,USA
2026-05-26T17:44:23.661224504,GET,City,NYC
2026-05-26T17:44:23.661277311,GET,Airport,JFK
2026-05-26T17:44:23.661327338,GET,Route,R-CDG-JFK
2026-05-26T17:44:23.662494968,GET,Airplane model,A388
2026-05-26T17:44:23.662622735,GET,Airplane,YR-AIR
2026-05-26T17:44:23.664466207,GET,Country,ROU
2026-05-26T17:44:23.664551124,GET,City,BUH
2026-05-26T17:44:23.664603051,GET,Airport,OTP
2026-05-26T17:44:23.665958039,GET,Country,SGP
2026-05-26T17:44:23.666041958,GET,City,SIN
2026-05-26T17:44:23.666089968,GET,Airport,SIN
2026-05-26T17:44:23.666138742,GET,Route,R-OTP-SIN
2026-05-26T17:44:23.667640116,GET,Airplane model,A388
2026-05-26T17:44:23.667852104,GET,Airplane,YR-AIR
2026-05-26T17:44:23.668023147,GET,All flights,
2026-05-26T17:44:42.308932574,GET,Country,ROU
2026-05-26T17:44:42.310676165,GET,Country,ROU
2026-05-26T17:44:42.312368148,GET,Airplane model,A320
2026-05-26T17:44:42.313425494,GET,Airplane model,B738
2026-05-26T17:44:42.313680438,GET,Pilot,4
2026-05-26T17:44:42.316860924,GET,Country,ROU
2026-05-26T17:44:42.318795266,GET,Country,ROU
2026-05-26T17:44:42.320687359,GET,Airplane model,A320
2026-05-26T17:44:42.322181962,GET,Airplane model,A388
2026-05-26T17:44:42.322430773,GET,Pilot,5
2026-05-26T17:44:42.322547083,GET,All pilots,
2026-05-26T17:48:54.630009400,GET,Country,ROU
2026-05-26T17:48:54.639258772,GET,Country,ROU
2026-05-26T17:48:54.642745621,GET,Airplane model,A320
2026-05-26T17:48:54.645481750,GET,Airplane model,B738
2026-05-26T17:48:54.645715114,GET,Pilot,4
2026-05-26T17:48:54.647897719,GET,Country,ROU
2026-05-26T17:48:54.649187284,GET,Country,ROU
2026-05-26T17:48:54.650629561,GET,Airplane model,A320
2026-05-26T17:48:54.651816049,GET,Airplane model,A388
2026-05-26T17:48:54.652017481,GET,Pilot,5
2026-05-26T17:48:54.652091889,GET,All pilots,
2026-05-26T17:51:44.158283918,GET,Country,ROU
2026-05-26T17:51:44.165387197,GET,Country,ROU
2026-05-26T17:51:44.166084687,GET,FlightAttendant,6
2026-05-26T17:51:44.166333447,GET,All flight attendants,
2026-05-26T18:03:18.586254616,GET,Country,ROU
2026-05-26T18:03:18.593092454,GET,Country,ROU
2026-05-26T18:03:18.593991674,GET,FlightAttendant,6
2026-05-26T18:03:18.594281267,GET,All flight attendants,
2026-05-26T18:06:40.661223150,GET,Country,FRA
2026-05-26T18:06:40.663640158,GET,Country,ROU
2026-05-26T18:06:40.664981172,GET,Country,SGP
2026-05-26T18:06:40.666687590,GET,Country,USA
2026-05-26T18:06:40.666906554,GET,All countries,
2026-05-26T18:07:07.221406488,GET,Country,ROU
2026-05-26T18:07:45.206006300,GET,Country,FRA
2026-05-26T18:07:45.208329737,GET,Country,ROU
2026-05-26T18:07:45.210039169,GET,Country,SGP
2026-05-26T18:07:45.211339215,GET,Country,USA
2026-05-26T18:07:45.211485181,GET,All countries,
2026-05-26T18:08:24.251942498,GET,Country,ROU
2026-05-26T18:08:29.565017297,ADD,Passenger,
2026-05-26T18:09:02.623304799,GET,Country,ROU
2026-05-26T18:09:02.628254656,GET,Country,ROU
2026-05-26T18:09:02.628500686,GET,Passenger,1
2026-05-26T18:09:02.631996290,GET,Country,ROU
2026-05-26T18:09:02.634778571,GET,Country,ROU
2026-05-26T18:09:02.635184383,GET,Passenger,2
2026-05-26T18:09:02.639197657,GET,Country,FRA
2026-05-26T18:09:02.640840557,GET,Country,FRA
2026-05-26T18:09:02.640985242,GET,Passenger,3
2026-05-26T18:09:02.643026234,GET,Country,ROU
2026-05-26T18:09:02.644825447,GET,Country,ROU
2026-05-26T18:09:02.645142565,GET,Passenger,10
2026-05-26T18:09:02.645346641,GET,All passengers,
2026-05-26T18:09:12.853032746,GET,Country,ROU
2026-05-26T18:09:12.857604074,GET,Country,ROU
2026-05-26T18:09:12.857763492,GET,Passenger,10
2026-05-26T18:09:28.902418795,UPDATE,PassengerFirstName,10
2026-05-26T18:09:59.358583958,GET,Country,ROU
2026-05-26T18:09:59.358742993,GET,City,BUH
2026-05-26T18:09:59.359031225,GET,Airport,OTP
2026-05-26T18:09:59.360664929,GET,Country,FRA
2026-05-26T18:09:59.360805850,GET,City,PAR
2026-05-26T18:09:59.361209621,GET,Airport,CDG
2026-05-26T18:09:59.361316042,GET,Route,R-OTP-CDG
2026-05-26T18:09:59.364345151,GET,Airplane model,A320
2026-05-26T18:09:59.365030591,GET,Airplane,YR-LRC
2026-05-26T18:09:59.374086714,GET,Country,FRA
2026-05-26T18:09:59.374248645,GET,City,PAR
2026-05-26T18:09:59.374316759,GET,Airport,CDG
2026-05-26T18:09:59.375727969,GET,Country,ROU
2026-05-26T18:09:59.375832057,GET,City,BUH
2026-05-26T18:09:59.375890697,GET,Airport,OTP
2026-05-26T18:09:59.375948897,GET,Route,R-CDG-OTP
2026-05-26T18:09:59.377321227,GET,Airplane model,B738
2026-05-26T18:09:59.377475146,GET,Airplane,YR-BMS
2026-05-26T18:09:59.379210287,GET,Country,FRA
2026-05-26T18:09:59.379313897,GET,City,PAR
2026-05-26T18:09:59.379367772,GET,Airport,CDG
2026-05-26T18:09:59.381110416,GET,Country,USA
2026-05-26T18:09:59.381352080,GET,City,NYC
2026-05-26T18:09:59.382174532,GET,Airport,JFK
2026-05-26T18:09:59.382292746,GET,Route,R-CDG-JFK
2026-05-26T18:09:59.384693169,GET,Airplane model,A388
2026-05-26T18:09:59.384891069,GET,Airplane,YR-AIR
2026-05-26T18:09:59.387028673,GET,Country,ROU
2026-05-26T18:09:59.387126707,GET,City,BUH
2026-05-26T18:09:59.387187022,GET,Airport,OTP
2026-05-26T18:09:59.388410671,GET,Country,SGP
2026-05-26T18:09:59.388510009,GET,City,SIN
2026-05-26T18:09:59.388650323,GET,Airport,SIN
2026-05-26T18:09:59.388705819,GET,Route,R-OTP-SIN
2026-05-26T18:09:59.389649798,GET,Airplane model,A388
2026-05-26T18:09:59.389770633,GET,Airplane,YR-AIR
2026-05-26T18:09:59.389899082,GET,All flights,
2026-05-26T18:10:13.415284627,GET,Country,ROU
2026-05-26T18:10:13.415503650,GET,City,BUH
2026-05-26T18:10:13.415651652,GET,Airport,OTP
2026-05-26T18:10:13.417479535,GET,Country,FRA
2026-05-26T18:10:13.417613642,GET,City,PAR
2026-05-26T18:10:13.417683369,GET,Airport,CDG
2026-05-26T18:10:13.417757613,GET,Route,R-OTP-CDG
2026-05-26T18:10:13.419067520,GET,Airplane model,A320
2026-05-26T18:10:13.419378894,GET,Airplane,YR-LRC
2026-05-26T18:10:13.422577587,GET,Country,FRA
2026-05-26T18:10:13.422798952,GET,City,PAR
2026-05-26T18:10:13.422922357,GET,Airport,CDG
2026-05-26T18:10:13.425895977,GET,Country,ROU
2026-05-26T18:10:13.426033201,GET,City,BUH
2026-05-26T18:10:13.426112421,GET,Airport,OTP
2026-05-26T18:10:13.426208439,GET,Route,R-CDG-OTP
2026-05-26T18:10:13.427835263,GET,Airplane model,B738
2026-05-26T18:10:13.428020825,GET,Airplane,YR-BMS
2026-05-26T18:10:13.430047771,GET,Country,FRA
2026-05-26T18:10:13.430184073,GET,City,PAR
2026-05-26T18:10:13.430261663,GET,Airport,CDG
2026-05-26T18:10:13.431665543,GET,Country,USA
2026-05-26T18:10:13.431762079,GET,City,NYC
2026-05-26T18:10:13.431822855,GET,Airport,JFK
2026-05-26T18:10:13.431888892,GET,Route,R-CDG-JFK
2026-05-26T18:10:13.433127810,GET,Airplane model,A388
2026-05-26T18:10:13.433324169,GET,Airplane,YR-AIR
2026-05-26T18:10:13.435350316,GET,Country,ROU
2026-05-26T18:10:13.435512601,GET,City,BUH
2026-05-26T18:10:13.435593135,GET,Airport,OTP
2026-05-26T18:10:13.437808766,GET,Country,SGP
2026-05-26T18:10:13.437920320,GET,City,SIN
2026-05-26T18:10:13.437963679,GET,Airport,SIN
2026-05-26T18:10:13.438007372,GET,Route,R-OTP-SIN
2026-05-26T18:10:13.439788837,GET,Airplane model,A388
2026-05-26T18:10:13.440003913,GET,Airplane,YR-AIR
2026-05-26T18:10:13.440182250,GET,All flights,
2026-05-26T18:10:23.043119048,GET,Country,ROU
2026-05-26T18:10:23.043955485,GET,City,BUH
2026-05-26T18:10:23.044480437,GET,Airport,OTP
2026-05-26T18:10:23.051254391,GET,Country,FRA
2026-05-26T18:10:23.051623361,GET,City,PAR
2026-05-26T18:10:23.051824013,GET,Airport,CDG
2026-05-26T18:10:23.051911315,GET,Route,R-OTP-CDG
2026-05-26T18:10:23.053975664,GET,Airplane model,A320
2026-05-26T18:10:23.054228070,GET,Airplane,YR-LRC
2026-05-26T18:10:23.056913084,GET,Country,FRA
2026-05-26T18:10:23.057040809,GET,City,PAR
2026-05-26T18:10:23.057086506,GET,Airport,CDG
2026-05-26T18:10:23.059047837,GET,Country,ROU
2026-05-26T18:10:23.059235488,GET,City,BUH
2026-05-26T18:10:23.059324444,GET,Airport,OTP
2026-05-26T18:10:23.059412803,GET,Route,R-CDG-OTP
2026-05-26T18:10:23.061306240,GET,Airplane model,B738
2026-05-26T18:10:23.061531964,GET,Airplane,YR-BMS
2026-05-26T18:10:23.064202364,GET,Country,FRA
2026-05-26T18:10:23.064378594,GET,City,PAR
2026-05-26T18:10:23.064469263,GET,Airport,CDG
2026-05-26T18:10:23.066436193,GET,Country,USA
2026-05-26T18:10:23.066601823,GET,City,NYC
2026-05-26T18:10:23.066666534,GET,Airport,JFK
2026-05-26T18:10:23.066727562,GET,Route,R-CDG-JFK
2026-05-26T18:10:23.067994097,GET,Airplane model,A388
2026-05-26T18:10:23.068150524,GET,Airplane,YR-AIR
2026-05-26T18:10:23.069909869,GET,Country,ROU
2026-05-26T18:10:23.070004503,GET,City,BUH
2026-05-26T18:10:23.070049872,GET,Airport,OTP
2026-05-26T18:10:23.071245767,GET,Country,SGP
2026-05-26T18:10:23.071346311,GET,City,SIN
2026-05-26T18:10:23.071408784,GET,Airport,SIN
2026-05-26T18:10:23.071467354,GET,Route,R-OTP-SIN
2026-05-26T18:10:23.073010773,GET,Airplane model,A388
2026-05-26T18:10:23.073238439,GET,Airplane,YR-AIR
2026-05-26T18:10:23.073441494,GET,All flights,
2026-05-26T18:10:25.967723228,GET,Country,ROU
2026-05-26T18:10:25.968183853,GET,City,BUH
2026-05-26T18:10:25.968486241,GET,Airport,OTP
2026-05-26T18:10:25.970440268,GET,Country,SGP
2026-05-26T18:10:25.970547873,GET,City,SIN
2026-05-26T18:10:25.970592082,GET,Airport,SIN
2026-05-26T18:10:25.970636275,GET,Route,R-OTP-SIN
2026-05-26T18:10:25.971555561,GET,Airplane model,A388
2026-05-26T18:10:25.971706339,GET,Airplane,YR-AIR
2026-05-26T18:10:25.971846194,GET,Flight,FL300
2026-05-26T18:10:25.973587483,GET,Country,ROU
2026-05-26T18:10:25.974505075,GET,Country,ROU
2026-05-26T18:10:25.974598740,GET,Passenger,1
2026-05-26T18:10:25.975766725,GET,Country,ROU
2026-05-26T18:10:25.976522586,GET,Country,ROU
2026-05-26T18:10:25.976642135,GET,Passenger,2
2026-05-26T18:10:25.978325775,GET,Country,FRA
2026-05-26T18:10:25.979271695,GET,Country,FRA
2026-05-26T18:10:25.979377960,GET,Passenger,3
2026-05-26T18:10:25.980579400,GET,Country,ROU
2026-05-26T18:10:25.981363902,GET,Country,ROU
2026-05-26T18:10:25.981476379,GET,Passenger,10
2026-05-26T18:10:25.981525522,GET,All passengers,
2026-05-26T18:10:29.689009970,GET,Country,ROU
2026-05-26T18:10:29.691255954,GET,Country,ROU
2026-05-26T18:10:29.691399675,GET,Passenger,10
2026-05-26T18:11:02.799211058,GET,Country,ROU
2026-05-26T18:11:02.799348787,GET,City,BUH
2026-05-26T18:11:02.799422260,GET,Airport,OTP
2026-05-26T18:11:02.801596899,GET,Country,FRA
2026-05-26T18:11:02.801779089,GET,City,PAR
2026-05-26T18:11:02.801862688,GET,Airport,CDG
2026-05-26T18:11:02.801946890,GET,Route,R-OTP-CDG
2026-05-26T18:11:02.803560407,GET,Airplane model,A320
2026-05-26T18:11:02.803732873,GET,Airplane,YR-LRC
2026-05-26T18:11:02.805077867,GET,Country,FRA
2026-05-26T18:11:02.805231661,GET,City,PAR
2026-05-26T18:11:02.805313652,GET,Airport,CDG
2026-05-26T18:11:02.806727914,GET,Country,ROU
2026-05-26T18:11:02.806860359,GET,City,BUH
2026-05-26T18:11:02.806943739,GET,Airport,OTP
2026-05-26T18:11:02.807026955,GET,Route,R-CDG-OTP
2026-05-26T18:11:02.808345629,GET,Airplane model,B738
2026-05-26T18:11:02.808505086,GET,Airplane,YR-BMS
2026-05-26T18:11:02.809769937,GET,Country,FRA
2026-05-26T18:11:02.809852081,GET,City,PAR
2026-05-26T18:11:02.809897803,GET,Airport,CDG
2026-05-26T18:11:02.811877220,GET,Country,USA
2026-05-26T18:11:02.812069601,GET,City,NYC
2026-05-26T18:11:02.812195783,GET,Airport,JFK
2026-05-26T18:11:02.812292612,GET,Route,R-CDG-JFK
2026-05-26T18:11:02.814314348,GET,Airplane model,A388
2026-05-26T18:11:02.814552428,GET,Airplane,YR-AIR
2026-05-26T18:11:02.817121734,GET,Country,ROU
2026-05-26T18:11:02.817290095,GET,City,BUH
2026-05-26T18:11:02.817371907,GET,Airport,OTP
2026-05-26T18:11:02.819175100,GET,Country,SGP
2026-05-26T18:11:02.819302501,GET,City,SIN
2026-05-26T18:11:02.819386794,GET,Airport,SIN
2026-05-26T18:11:02.819462968,GET,Route,R-OTP-SIN
2026-05-26T18:11:02.821052389,GET,Airplane model,A388
2026-05-26T18:11:02.821206237,GET,Airplane,YR-AIR
2026-05-26T18:11:02.821319234,GET,All flights,
2026-05-26T18:11:04.365068485,GET,Country,ROU
2026-05-26T18:11:04.365261098,GET,City,BUH
2026-05-26T18:11:04.365362843,GET,Airport,OTP
2026-05-26T18:11:04.367645922,GET,Country,SGP
2026-05-26T18:11:04.367827455,GET,City,SIN
2026-05-26T18:11:04.367917242,GET,Airport,SIN
2026-05-26T18:11:04.368007655,GET,Route,R-OTP-SIN
2026-05-26T18:11:04.370035456,GET,Airplane model,A388
2026-05-26T18:11:04.370275305,GET,Airplane,YR-AIR
2026-05-26T18:11:04.370427749,GET,Flight,FL300
2026-05-26T18:11:04.373086399,GET,Country,ROU
2026-05-26T18:11:04.374873102,GET,Country,ROU
2026-05-26T18:11:04.375050299,GET,Passenger,1
2026-05-26T18:11:04.377401895,GET,Country,ROU
2026-05-26T18:11:04.379001968,GET,Country,ROU
2026-05-26T18:11:04.379108575,GET,Passenger,2
2026-05-26T18:11:04.380615654,GET,Country,FRA
2026-05-26T18:11:04.381562709,GET,Country,FRA
2026-05-26T18:11:04.381646340,GET,Passenger,3
2026-05-26T18:11:04.382807560,GET,Country,ROU
2026-05-26T18:11:04.383479871,GET,Country,ROU
2026-05-26T18:11:04.383550967,GET,Passenger,10
2026-05-26T18:11:04.383581417,GET,All passengers,
2026-05-26T18:11:05.348999903,GET,Country,ROU
2026-05-26T18:11:05.353001049,GET,Country,ROU
2026-05-26T18:11:05.353236739,GET,Passenger,10
2026-05-26T18:11:09.828956262,GET,Country,ROU
2026-05-26T18:11:09.832500975,GET,Country,ROU
2026-05-26T18:11:09.832671038,GET,Passenger,10
2026-05-26T18:11:09.834785964,GET,Country,ROU
2026-05-26T18:11:09.834889104,GET,City,BUH
2026-05-26T18:11:09.834928377,GET,Airport,OTP
2026-05-26T18:11:09.835799131,GET,Country,SGP
2026-05-26T18:11:09.835880553,GET,City,SIN
2026-05-26T18:11:09.835915066,GET,Airport,SIN
2026-05-26T18:11:09.835969554,GET,Route,R-OTP-SIN
2026-05-26T18:11:09.836704705,GET,Airplane model,A388
2026-05-26T18:11:09.836825985,GET,Airplane,YR-AIR
2026-05-26T18:11:09.836918897,GET,Flight,FL300
2026-05-26T18:11:24.575923272,GET,Country,ROU
2026-05-26T18:11:24.576058322,GET,City,BUH
2026-05-26T18:11:24.576107079,GET,Airport,OTP
2026-05-26T18:11:24.577439256,GET,Country,FRA
2026-05-26T18:11:24.577524983,GET,City,PAR
2026-05-26T18:11:24.577562993,GET,Airport,CDG
2026-05-26T18:11:24.577598827,GET,Route,R-OTP-CDG
2026-05-26T18:11:24.578776911,GET,Airplane model,A320
2026-05-26T18:11:24.579011062,GET,Airplane,YR-LRC
2026-05-26T18:11:24.581666264,GET,Country,FRA
2026-05-26T18:11:24.581890224,GET,City,PAR
2026-05-26T18:11:24.581979220,GET,Airport,CDG
2026-05-26T18:11:24.583939915,GET,Country,ROU
2026-05-26T18:11:24.584059416,GET,City,BUH
2026-05-26T18:11:24.584132048,GET,Airport,OTP
2026-05-26T18:11:24.584208821,GET,Route,R-CDG-OTP
2026-05-26T18:11:24.585555470,GET,Airplane model,B738
2026-05-26T18:11:24.585705264,GET,Airplane,YR-BMS
2026-05-26T18:11:24.586765517,GET,Country,FRA
2026-05-26T18:11:24.586849726,GET,City,PAR
2026-05-26T18:11:24.586895191,GET,Airport,CDG
2026-05-26T18:11:24.587712714,GET,Country,USA
2026-05-26T18:11:24.587826709,GET,City,NYC
2026-05-26T18:11:24.587861467,GET,Airport,JFK
2026-05-26T18:11:24.587892676,GET,Route,R-CDG-JFK
2026-05-26T18:11:24.588525753,GET,Airplane model,A388
2026-05-26T18:11:24.588625609,GET,Airplane,YR-AIR
2026-05-26T18:11:24.589532039,GET,Country,ROU
2026-05-26T18:11:24.589593780,GET,City,BUH
2026-05-26T18:11:24.589625945,GET,Airport,OTP
2026-05-26T18:11:24.590194587,GET,Country,SGP
2026-05-26T18:11:24.590250375,GET,City,SIN
2026-05-26T18:11:24.590282298,GET,Airport,SIN
2026-05-26T18:11:24.590312823,GET,Route,R-OTP-SIN
2026-05-26T18:11:24.590821520,GET,Airplane model,A388
2026-05-26T18:11:24.590920099,GET,Airplane,YR-AIR
2026-05-26T18:11:24.591009653,GET,All flights,
2026-05-26T18:11:56.681984769,GET,Country,ROU
2026-05-26T18:11:56.682171889,GET,City,BUH
2026-05-26T18:11:56.682274259,GET,Airport,OTP
2026-05-26T18:11:56.684730128,GET,Country,FRA
2026-05-26T18:11:56.684867617,GET,City,PAR
2026-05-26T18:11:56.684933444,GET,Airport,CDG
2026-05-26T18:11:56.685000748,GET,Route,R-OTP-CDG
2026-05-26T18:11:56.686199728,GET,Airplane model,A320
2026-05-26T18:11:56.686345210,GET,Airplane,YR-LRC
2026-05-26T18:11:56.687985681,GET,Country,FRA
2026-05-26T18:11:56.688096389,GET,City,PAR
2026-05-26T18:11:56.688140260,GET,Airport,CDG
2026-05-26T18:11:56.689742208,GET,Country,ROU
2026-05-26T18:11:56.689970072,GET,City,BUH
2026-05-26T18:11:56.690051847,GET,Airport,OTP
2026-05-26T18:11:56.690118139,GET,Route,R-CDG-OTP
2026-05-26T18:11:56.691825913,GET,Airplane model,B738
2026-05-26T18:11:56.691964861,GET,Airplane,YR-BMS
2026-05-26T18:11:56.693385859,GET,Country,FRA
2026-05-26T18:11:56.693467693,GET,City,PAR
2026-05-26T18:11:56.693505873,GET,Airport,CDG
2026-05-26T18:11:56.694342908,GET,Country,USA
2026-05-26T18:11:56.694412522,GET,City,NYC
2026-05-26T18:11:56.694447636,GET,Airport,JFK
2026-05-26T18:11:56.694479592,GET,Route,R-CDG-JFK
2026-05-26T18:11:56.695225403,GET,Airplane model,A388
2026-05-26T18:11:56.695327849,GET,Airplane,YR-AIR
2026-05-26T18:11:56.696478660,GET,Country,ROU
2026-05-26T18:11:56.696566274,GET,City,BUH
2026-05-26T18:11:56.696600758,GET,Airport,OTP
2026-05-26T18:11:56.697464893,GET,Country,SGP
2026-05-26T18:11:56.697523312,GET,City,SIN
2026-05-26T18:11:56.697555004,GET,Airport,SIN
2026-05-26T18:11:56.697589174,GET,Route,R-OTP-SIN
2026-05-26T18:11:56.698328222,GET,Airplane model,A388
2026-05-26T18:11:56.698420026,GET,Airplane,YR-AIR
2026-05-26T18:11:56.698517819,GET,All flights,
2026-05-26T18:11:58.336800981,GET,Country,ROU
2026-05-26T18:11:58.337037340,GET,City,BUH
2026-05-26T18:11:58.337135957,GET,Airport,OTP
2026-05-26T18:11:58.339001871,GET,Country,FRA
2026-05-26T18:11:58.339128654,GET,City,PAR
2026-05-26T18:11:58.339188523,GET,Airport,CDG
2026-05-26T18:11:58.339246196,GET,Route,R-OTP-CDG
2026-05-26T18:11:58.340509105,GET,Airplane model,A320
2026-05-26T18:11:58.340660970,GET,Airplane,YR-LRC
2026-05-26T18:11:58.340777069,GET,Flight,FL100
2026-05-26T18:11:58.343057043,GET,Country,ROU
2026-05-26T18:11:58.344606375,GET,Country,ROU
2026-05-26T18:11:58.344702079,GET,Passenger,1
2026-05-26T18:11:58.346246568,GET,Country,ROU
2026-05-26T18:11:58.347271059,GET,Country,ROU
2026-05-26T18:11:58.347357208,GET,Passenger,2
2026-05-26T18:11:58.348779782,GET,Country,FRA
2026-05-26T18:11:58.350176725,GET,Country,FRA
2026-05-26T18:11:58.350336755,GET,Passenger,3
2026-05-26T18:11:58.353370399,GET,Country,ROU
2026-05-26T18:11:58.355389353,GET,Country,ROU
2026-05-26T18:11:58.355549900,GET,Passenger,10
2026-05-26T18:11:58.355622807,GET,All passengers,
2026-05-26T18:11:59.645227888,GET,Country,ROU
2026-05-26T18:11:59.648709155,GET,Country,ROU
2026-05-26T18:11:59.648844461,GET,Passenger,10
2026-05-26T18:12:03.708095632,GET,Country,ROU
2026-05-26T18:12:03.710026605,GET,Country,ROU
2026-05-26T18:12:03.710123105,GET,Passenger,10
2026-05-26T18:12:03.711077,GET,Country,ROU
2026-05-26T18:12:03.711141227,GET,City,BUH
2026-05-26T18:12:03.711184476,GET,Airport,OTP
2026-05-26T18:12:03.711670837,GET,Country,FRA
2026-05-26T18:12:03.711715268,GET,City,PAR
2026-05-26T18:12:03.711741879,GET,Airport,CDG
2026-05-26T18:12:03.711770294,GET,Route,R-OTP-CDG
2026-05-26T18:12:03.712191108,GET,Airplane model,A320
2026-05-26T18:12:03.712274574,GET,Airplane,YR-LRC
2026-05-26T18:12:03.712362062,GET,Flight,FL100
2026-05-26T18:12:35.631177114,GET,Country,ROU
2026-05-26T18:12:35.635128157,GET,Country,ROU
2026-05-26T18:12:35.635337944,GET,Passenger,10
2026-05-26T18:12:40.056526237,GET,Country,FRA
2026-05-26T18:12:40.057840749,GET,Country,ROU
2026-05-26T18:12:40.059100962,GET,Country,SGP
2026-05-26T18:12:40.059898882,GET,Country,USA
2026-05-26T18:12:40.059971930,GET,All countries,
2026-05-26T18:13:51.785465779,GET,Country,ROU
2026-05-26T18:13:53.713578158,UPDATE,PassengerDocs,10
2026-05-26T18:14:18.276858467,GET,Country,ROU
2026-05-26T18:14:18.277058657,GET,City,BUH
2026-05-26T18:14:18.277149763,GET,Airport,OTP
2026-05-26T18:14:18.279738478,GET,Country,FRA
2026-05-26T18:14:18.279912447,GET,City,PAR
2026-05-26T18:14:18.279957147,GET,Airport,CDG
2026-05-26T18:14:18.279996584,GET,Route,R-OTP-CDG
2026-05-26T18:14:18.281382806,GET,Airplane model,A320
2026-05-26T18:14:18.281570084,GET,Airplane,YR-LRC
2026-05-26T18:14:18.284011425,GET,Country,FRA
2026-05-26T18:14:18.284151636,GET,City,PAR
2026-05-26T18:14:18.284265505,GET,Airport,CDG
2026-05-26T18:14:18.286345936,GET,Country,ROU
2026-05-26T18:14:18.286481846,GET,City,BUH
2026-05-26T18:14:18.286539358,GET,Airport,OTP
2026-05-26T18:14:18.286582905,GET,Route,R-CDG-OTP
2026-05-26T18:14:18.288240600,GET,Airplane model,B738
2026-05-26T18:14:18.288403433,GET,Airplane,YR-BMS
2026-05-26T18:14:18.289975731,GET,Country,FRA
2026-05-26T18:14:18.290059280,GET,City,PAR
2026-05-26T18:14:18.290091895,GET,Airport,CDG
2026-05-26T18:14:18.291495950,GET,Country,USA
2026-05-26T18:14:18.291583133,GET,City,NYC
2026-05-26T18:14:18.291619405,GET,Airport,JFK
2026-05-26T18:14:18.291650177,GET,Route,R-CDG-JFK
2026-05-26T18:14:18.292508384,GET,Airplane model,A388
2026-05-26T18:14:18.292619887,GET,Airplane,YR-AIR
2026-05-26T18:14:18.294786561,GET,Country,ROU
2026-05-26T18:14:18.294874722,GET,City,BUH
2026-05-26T18:14:18.294903479,GET,Airport,OTP
2026-05-26T18:14:18.295684437,GET,Country,SGP
2026-05-26T18:14:18.295750836,GET,City,SIN
2026-05-26T18:14:18.295779194,GET,Airport,SIN
2026-05-26T18:14:18.295805843,GET,Route,R-OTP-SIN
2026-05-26T18:14:18.296303566,GET,Airplane model,A388
2026-05-26T18:14:18.296395893,GET,Airplane,YR-AIR
2026-05-26T18:14:18.296500568,GET,All flights,
2026-05-26T18:14:19.906090988,GET,Country,ROU
2026-05-26T18:14:19.906203183,GET,City,BUH
2026-05-26T18:14:19.906243575,GET,Airport,OTP
2026-05-26T18:14:19.906860524,GET,Country,FRA
2026-05-26T18:14:19.906915050,GET,City,PAR
2026-05-26T18:14:19.906946131,GET,Airport,CDG
2026-05-26T18:14:19.906980843,GET,Route,R-OTP-CDG
2026-05-26T18:14:19.908368869,GET,Airplane model,A320
2026-05-26T18:14:19.908495911,GET,Airplane,YR-LRC
2026-05-26T18:14:19.908596917,GET,Flight,FL100
2026-05-26T18:14:19.911655586,GET,Country,ROU
2026-05-26T18:14:19.912939367,GET,Country,ROU
2026-05-26T18:14:19.913007047,GET,Passenger,1
2026-05-26T18:14:19.913889365,GET,Country,ROU
2026-05-26T18:14:19.915030599,GET,Country,ROU
2026-05-26T18:14:19.915123190,GET,Passenger,2
2026-05-26T18:14:19.916788341,GET,Country,FRA
2026-05-26T18:14:19.918254082,GET,Country,FRA
2026-05-26T18:14:19.918346559,GET,Passenger,3
2026-05-26T18:14:19.919324204,GET,Country,ROU
2026-05-26T18:14:19.919769083,GET,Country,ROU
2026-05-26T18:14:19.919813963,GET,Passenger,10
2026-05-26T18:14:19.919837650,GET,All passengers,
2026-05-26T18:14:21.920985974,GET,Country,ROU
2026-05-26T18:14:21.922195809,GET,Country,ROU
2026-05-26T18:14:21.922278234,GET,Passenger,10
2026-05-26T18:14:25.540853398,GET,Country,ROU
2026-05-26T18:14:25.541825030,GET,Country,ROU
2026-05-26T18:14:25.541952408,GET,Passenger,10
2026-05-26T18:14:25.544366923,GET,Country,ROU
2026-05-26T18:14:25.544443995,GET,City,BUH
2026-05-26T18:14:25.544471656,GET,Airport,OTP
2026-05-26T18:14:25.545053011,GET,Country,FRA
2026-05-26T18:14:25.545102509,GET,City,PAR
2026-05-26T18:14:25.545127209,GET,Airport,CDG
2026-05-26T18:14:25.545151261,GET,Route,R-OTP-CDG
2026-05-26T18:14:25.545643220,GET,Airplane model,A320
2026-05-26T18:14:25.545736233,GET,Airplane,YR-LRC
2026-05-26T18:14:25.545811733,GET,Flight,FL100
2026-05-26T18:14:25.552613921,GET,Country,ROU
2026-05-26T18:14:25.552701419,GET,City,BUH
2026-05-26T18:14:25.552735928,GET,Airport,OTP
2026-05-26T18:14:25.553137993,GET,Country,FRA
2026-05-26T18:14:25.553251954,GET,City,PAR
2026-05-26T18:14:25.553278250,GET,Airport,CDG
2026-05-26T18:14:25.553300114,GET,Route,R-OTP-CDG
2026-05-26T18:14:25.553685164,GET,Airplane model,A320
2026-05-26T18:14:25.553768694,GET,Airplane,YR-LRC
2026-05-26T18:14:25.553845867,GET,Flight,FL100
2026-05-26T18:14:25.554527074,GET,Country,ROU
2026-05-26T18:14:25.554870589,GET,Country,ROU
2026-05-26T18:14:25.554918231,GET,Passenger,1
2026-05-26T18:14:25.554942164,GET,Booking,TCK-001
2026-05-26T18:14:25.555666674,GET,Country,ROU
2026-05-26T18:14:25.555716269,GET,City,BUH
2026-05-26T18:14:25.555740822,GET,Airport,OTP
2026-05-26T18:14:25.556098119,GET,Country,FRA
2026-05-26T18:14:25.556130265,GET,City,PAR
2026-05-26T18:14:25.556150001,GET,Airport,CDG
2026-05-26T18:14:25.556194858,GET,Route,R-OTP-CDG
2026-05-26T18:14:25.556552356,GET,Airplane model,A320
2026-05-26T18:14:25.556626276,GET,Airplane,YR-LRC
2026-05-26T18:14:25.556695703,GET,Flight,FL100
2026-05-26T18:14:25.557581997,GET,Country,ROU
2026-05-26T18:14:25.557943835,GET,Country,ROU
2026-05-26T18:14:25.557982613,GET,Passenger,2
2026-05-26T18:14:25.557998802,GET,Booking,TCK-002
2026-05-26T18:14:25.558665952,GET,Country,FRA
2026-05-26T18:14:25.558696403,GET,City,PAR
2026-05-26T18:14:25.558721450,GET,Airport,CDG
2026-05-26T18:14:25.559073140,GET,Country,USA
2026-05-26T18:14:25.559099966,GET,City,NYC
2026-05-26T18:14:25.559121777,GET,Airport,JFK
2026-05-26T18:14:25.559140344,GET,Route,R-CDG-JFK
2026-05-26T18:14:25.559541577,GET,Airplane model,A388
2026-05-26T18:14:25.559612872,GET,Airplane,YR-AIR
2026-05-26T18:14:25.559687433,GET,Flight,FL200
2026-05-26T18:14:25.560288923,GET,Country,FRA
2026-05-26T18:14:25.560628413,GET,Country,FRA
2026-05-26T18:14:25.560660894,GET,Passenger,3
2026-05-26T18:14:25.560674747,GET,Booking,TCK-003
2026-05-26T18:14:25.560698895,GET,All bookings,
2026-05-26T18:14:25.593078305,ADD,Booking,aa
2026-05-26T18:15:24.276887286,GET,Country,ROU
2026-05-26T18:15:24.277100152,GET,City,BUH
2026-05-26T18:15:24.277255932,GET,Airport,OTP
2026-05-26T18:15:24.281980547,GET,Country,USA
2026-05-26T18:15:24.282251430,GET,City,NYC
2026-05-26T18:15:24.282369817,GET,Airport,JFK
2026-05-26T18:15:24.285996557,GET,Country,FRA
2026-05-26T18:15:24.286076132,GET,City,PAR
2026-05-26T18:15:24.286114647,GET,Airport,CDG
2026-05-26T18:15:24.287713294,GET,Country,SGP
2026-05-26T18:15:24.287823907,GET,City,SIN
2026-05-26T18:15:24.287862283,GET,Airport,SIN
2026-05-26T18:15:24.287895415,GET,All airports,
2026-05-26T18:15:24.289054631,GET,Country,ROU
2026-05-26T18:15:24.289136953,GET,City,BUH
2026-05-26T18:15:24.289186161,GET,Airport,OTP
2026-05-26T18:15:24.290198510,GET,Country,USA
2026-05-26T18:15:24.290286917,GET,City,NYC
2026-05-26T18:15:24.290315926,GET,Airport,JFK
2026-05-26T18:15:24.291776470,GET,Country,FRA
2026-05-26T18:15:24.291851994,GET,City,PAR
2026-05-26T18:15:24.291883229,GET,Airport,CDG
2026-05-26T18:15:24.292506713,GET,Country,SGP
2026-05-26T18:15:24.292563695,GET,City,SIN
2026-05-26T18:15:24.292603468,GET,Airport,SIN
2026-05-26T18:15:24.292629818,GET,All airports,
2026-05-26T18:15:40.208029002,GET,Country,ROU
2026-05-26T18:15:40.208243207,GET,City,BUH
2026-05-26T18:15:40.208356410,GET,Airport,OTP
2026-05-26T18:15:40.210637294,GET,Country,USA
2026-05-26T18:15:40.210740593,GET,City,NYC
2026-05-26T18:15:40.210785719,GET,Airport,JFK
2026-05-26T18:15:40.211908435,GET,Country,FRA
2026-05-26T18:15:40.211980740,GET,City,PAR
2026-05-26T18:15:40.212014400,GET,Airport,CDG
2026-05-26T18:15:40.212564372,GET,Country,SGP
2026-05-26T18:15:40.212639357,GET,City,SIN
2026-05-26T18:15:40.212671929,GET,Airport,SIN
2026-05-26T18:15:40.212692270,GET,All airports,
2026-05-26T18:15:53.506544419,GET,Country,ROU
2026-05-26T18:15:53.506647307,GET,City,BUH
2026-05-26T18:15:53.506694998,GET,Airport,OTP
2026-05-26T18:15:53.507928152,GET,Country,USA
2026-05-26T18:15:53.508030372,GET,City,NYC
2026-05-26T18:15:53.508077291,GET,Airport,JFK
2026-05-26T18:15:53.509327334,GET,Country,FRA
2026-05-26T18:15:53.509406183,GET,City,PAR
2026-05-26T18:15:53.509442961,GET,Airport,CDG
2026-05-26T18:15:53.510133548,GET,Country,SGP
2026-05-26T18:15:53.510208373,GET,City,SIN
2026-05-26T18:15:53.510252139,GET,Airport,SIN
2026-05-26T18:15:53.510271196,GET,All airports,
2026-05-26T18:15:53.511045469,GET,Country,ROU
2026-05-26T18:15:53.511108010,GET,City,BUH
2026-05-26T18:15:53.511137289,GET,Airport,OTP
2026-05-26T18:15:53.511808999,GET,Country,USA
2026-05-26T18:15:53.511872803,GET,City,NYC
2026-05-26T18:15:53.511902091,GET,Airport,JFK
2026-05-26T18:15:53.512574267,GET,Country,FRA
2026-05-26T18:15:53.512627603,GET,City,PAR
2026-05-26T18:15:53.512655725,GET,Airport,CDG
2026-05-26T18:15:53.513275336,GET,Country,SGP
2026-05-26T18:15:53.513336127,GET,City,SIN
2026-05-26T18:15:53.513367314,GET,Airport,SIN
2026-05-26T18:15:53.513386543,GET,All airports,
2026-05-26T18:15:55.196004289,GET,Country,ROU
2026-05-26T18:15:55.196322565,GET,City,BUH
2026-05-26T18:15:55.200582896,GET,Airport,OTP
2026-05-26T18:15:56.866914663,GET,Country,USA
2026-05-26T18:15:56.867108040,GET,City,NYC
2026-05-26T18:15:56.867198065,GET,Airport,JFK
2026-05-26T18:16:13.782581077,GET,Country,USA
2026-05-26T18:16:13.782864471,GET,City,NYC
2026-05-26T18:16:13.783019369,GET,Airport,JFK
2026-05-26T18:16:13.785095125,GET,Country,ROU
2026-05-26T18:16:13.785275121,GET,City,BUH
2026-05-26T18:16:13.785324600,GET,Airport,OTP
2026-05-26T18:16:13.852417549,ADD,Route,R-OTP-JFK
2026-05-26T18:16:17.202975862,GET,Country,FRA
2026-05-26T18:16:17.203106604,GET,City,PAR
2026-05-26T18:16:17.203197503,GET,Airport,CDG
2026-05-26T18:16:17.205182512,GET,Country,USA
2026-05-26T18:16:17.205304372,GET,City,NYC
2026-05-26T18:16:17.205365117,GET,Airport,JFK
2026-05-26T18:16:17.205422093,GET,Route,R-CDG-JFK
2026-05-26T18:16:17.207704414,GET,Country,FRA
2026-05-26T18:16:17.207854200,GET,City,PAR
2026-05-26T18:16:17.207919545,GET,Airport,CDG
2026-05-26T18:16:17.208732827,GET,Country,ROU
2026-05-26T18:16:17.208799811,GET,City,BUH
2026-05-26T18:16:17.208823372,GET,Airport,OTP
2026-05-26T18:16:17.208847554,GET,Route,R-CDG-OTP
2026-05-26T18:16:17.209409613,GET,Country,ROU
2026-05-26T18:16:17.209455158,GET,City,BUH
2026-05-26T18:16:17.209483678,GET,Airport,OTP
2026-05-26T18:16:17.209861210,GET,Country,FRA
2026-05-26T18:16:17.209891901,GET,City,PAR
2026-05-26T18:16:17.209921171,GET,Airport,CDG
2026-05-26T18:16:17.209949043,GET,Route,R-OTP-CDG
2026-05-26T18:16:17.210374294,GET,Country,ROU
2026-05-26T18:16:17.210405408,GET,City,BUH
2026-05-26T18:16:17.210421206,GET,Airport,OTP
2026-05-26T18:16:17.210777581,GET,Country,USA
2026-05-26T18:16:17.210807841,GET,City,NYC
2026-05-26T18:16:17.210825807,GET,Airport,JFK
2026-05-26T18:16:17.210844423,GET,Route,R-OTP-JFK
2026-05-26T18:16:17.211237193,GET,Country,ROU
2026-05-26T18:16:17.211266250,GET,City,BUH
2026-05-26T18:16:17.211282029,GET,Airport,OTP
2026-05-26T18:16:17.211567904,GET,Country,SGP
2026-05-26T18:16:17.211590468,GET,City,SIN
2026-05-26T18:16:17.211606982,GET,Airport,SIN
2026-05-26T18:16:17.211621676,GET,Route,R-OTP-SIN
2026-05-26T18:16:17.211650399,GET,All routes,
2026-05-26T23:03:15.465300578,GET,Country,ROU
2026-05-26T23:03:15.480810243,GET,Country,ROU
2026-05-26T23:03:15.481285948,GET,Passenger,1
2026-05-26T23:03:15.488890196,GET,Country,ROU
2026-05-26T23:03:15.492836304,GET,Country,ROU
2026-05-26T23:03:15.493220928,GET,Passenger,2
2026-05-26T23:03:15.498597361,GET,Country,FRA
2026-05-26T23:03:15.502490820,GET,Country,FRA
2026-05-26T23:03:15.502826261,GET,Passenger,3
2026-05-26T23:03:15.508150006,GET,Country,ROU
2026-05-26T23:03:15.512569036,GET,Country,ROU
2026-05-26T23:03:15.513355910,GET,Passenger,10
2026-05-26T23:03:15.513594882,GET,All passengers,
2026-05-26T23:05:47.382773905,GET,Country,ROU
2026-05-26T23:05:47.390497818,GET,City,BUH
2026-05-26T23:05:47.391409188,GET,Airport,OTP
2026-05-26T23:05:47.399469965,GET,Country,FRA
2026-05-26T23:05:47.399859822,GET,City,PAR
2026-05-26T23:05:47.401231981,GET,Airport,CDG
2026-05-26T23:05:47.401656918,GET,Route,R-OTP-CDG
2026-05-26T23:05:47.418453793,GET,Airplane model,A320
2026-05-26T23:05:47.420037930,GET,Airplane,YR-LRC
2026-05-26T23:05:47.423524793,GET,Flight,FL100
2026-05-26T23:06:03.329063196,GET,Country,ROU
2026-05-26T23:06:03.330160192,GET,City,BUH
2026-05-26T23:06:03.330895615,GET,Airport,OTP
2026-05-26T23:06:03.341172554,GET,Country,FRA
2026-05-26T23:06:03.341661276,GET,City,PAR
2026-05-26T23:06:03.342045494,GET,Airport,CDG
2026-05-26T23:06:03.342455271,GET,Route,R-OTP-CDG
2026-05-26T23:06:03.348797827,GET,Airplane model,A320
2026-05-26T23:06:03.349410781,GET,Airplane,YR-LRC
2026-05-26T23:06:03.350003010,GET,Flight,FL100
2026-05-26T23:06:03.381561233,UPDATE,Flight,FL100
2026-06-05T15:14:57.890727691,GET,Airplane models by manufacturer,aa
2026-06-05T15:15:06.942774079,GET,Airplane model,B738
2026-06-05T15:15:06.951551974,GET,Airplane model,B789
2026-06-05T15:15:06.952733878,GET,Airplane models by manufacturer,Boeing
2026-06-05T15:16:47.173403610,GET,Airplane models by manufacturer,aa
2026-06-05T15:20:15.418324802,GET,Airplane model,A320
2026-06-05T15:20:15.431087228,GET,Airplane model,A388
2026-06-05T15:20:15.438284660,GET,Airplane model,AT76
2026-06-05T15:20:15.444659587,GET,Airplane model,B738
2026-06-05T15:20:15.451863029,GET,Airplane model,B789
2026-06-05T15:20:15.452635002,GET,All airplane models,
2026-06-05T15:20:54.194325073,GET,Airplane model,b738
2026-06-05T15:25:47.366885240,ADD,Airplane Model,BTEST
2026-06-05T15:25:50.372664703,GET,Airplane model,A320
2026-06-05T15:25:50.378108402,GET,Airplane model,A388
2026-06-05T15:25:50.384677220,GET,Airplane model,AT76
2026-06-05T15:25:50.390902079,GET,Airplane model,B738
2026-06-05T15:25:50.394839283,GET,Airplane model,B789
2026-06-05T15:25:50.400460123,GET,Airplane model,BTEST
2026-06-05T15:25:50.401316812,GET,All airplane models,
2026-06-05T15:27:07.841316309,GET,Airplane model,A320
2026-06-05T15:27:07.842002562,GET,Airplane,YR-LRC
2026-06-05T15:27:07.853684945,GET,Airplane model,A388
2026-06-05T15:27:07.854534204,GET,Airplane,YR-AIR
2026-06-05T15:27:07.864033238,GET,Airplane model,AT76
2026-06-05T15:27:07.865006968,GET,Airplane,YR-ACA
2026-06-05T15:27:07.872001389,GET,Airplane model,B738
2026-06-05T15:27:07.872587607,GET,Airplane,YR-BMS
2026-06-05T15:27:07.872925736,GET,All airplanes,
2026-06-05T15:28:52.841331463,GET,Airplane model,A320
2026-06-05T15:28:52.848961921,GET,Airplane,YR-LRC
2026-06-05T15:28:52.855910269,GET,Airplane model,A388
2026-06-05T15:28:52.856527380,GET,Airplane,YR-AIR
2026-06-05T15:28:52.861016378,GET,Airplane model,AT76
2026-06-05T15:28:52.861423663,GET,Airplane,YR-ACA
2026-06-05T15:28:52.865407126,GET,Airplane model,B738
2026-06-05T15:28:52.865806989,GET,Airplane,YR-BMS
2026-06-05T15:28:52.865984789,GET,All airplanes,
2026-06-05T15:32:07.997405653,GET,Country,ROU
2026-06-05T15:32:07.999428284,GET,City,BUH
2026-06-05T15:32:08.000115817,GET,Airport,OTP
2026-06-05T15:32:08.008805834,GET,Country,FRA
2026-06-05T15:32:08.009328550,GET,City,PAR
2026-06-05T15:32:08.011180590,GET,Airport,CDG
2026-06-05T15:32:08.011532148,GET,Route,R-OTP-CDG
2026-06-05T15:32:08.018088941,GET,Airplane model,A320
2026-06-05T15:32:08.018824095,GET,Airplane,YR-LRC
2026-06-05T15:32:08.031209830,GET,Country,FRA
2026-06-05T15:32:08.031635081,GET,City,PAR
2026-06-05T15:32:08.031848921,GET,Airport,CDG
2026-06-05T15:32:08.038457890,GET,Country,ROU
2026-06-05T15:32:08.038907544,GET,City,BUH
2026-06-05T15:32:08.039118569,GET,Airport,OTP
2026-06-05T15:32:08.039309366,GET,Route,R-CDG-OTP
2026-06-05T15:32:08.045606831,GET,Airplane model,B738
2026-06-05T15:32:08.046204494,GET,Airplane,YR-BMS
2026-06-05T15:32:08.059332756,GET,Country,FRA
2026-06-05T15:32:08.059993711,GET,City,PAR
2026-06-05T15:32:08.060254603,GET,Airport,CDG
2026-06-05T15:32:08.130994525,GET,Country,USA
2026-06-05T15:32:08.131421159,GET,City,NYC
2026-06-05T15:32:08.132808520,GET,Airport,JFK
2026-06-05T15:32:08.133060344,GET,Route,R-CDG-JFK
2026-06-05T15:32:08.139687431,GET,Airplane model,A388
2026-06-05T15:32:08.140486164,GET,Airplane,YR-AIR
2026-06-05T15:32:08.148943074,GET,Country,ROU
2026-06-05T15:32:08.149313051,GET,City,BUH
2026-06-05T15:32:08.149537497,GET,Airport,OTP
2026-06-05T15:32:08.155870275,GET,Country,SGP
2026-06-05T15:32:08.156377936,GET,City,SIN
2026-06-05T15:32:08.156802125,GET,Airport,SIN
2026-06-05T15:32:08.156997644,GET,Route,R-OTP-SIN
2026-06-05T15:32:08.162138620,GET,Airplane model,A388
2026-06-05T15:32:08.162670793,GET,Airplane,YR-AIR
2026-06-05T15:32:08.163090971,GET,All flights,
2026-06-05T15:32:44.156991631,GET,Country,FRA
2026-06-05T15:32:44.157810605,GET,City,PAR
2026-06-05T15:32:44.158317407,GET,Airport,CDG
2026-06-05T15:32:44.172764552,GET,Country,USA
2026-06-05T15:32:44.173453719,GET,City,NYC
2026-06-05T15:32:44.173927414,GET,Airport,JFK
2026-06-05T15:32:44.174413651,GET,Route,R-CDG-JFK
2026-06-05T15:32:44.240525547,GET,Country,FRA
2026-06-05T15:32:44.240984810,GET,City,PAR
2026-06-05T15:32:44.241175073,GET,Airport,CDG
2026-06-05T15:32:44.248428447,GET,Country,ROU
2026-06-05T15:32:44.248816267,GET,City,BUH
2026-06-05T15:32:44.249031156,GET,Airport,OTP
2026-06-05T15:32:44.249182336,GET,Route,R-CDG-OTP
2026-06-05T15:32:44.258015182,GET,Country,ROU
2026-06-05T15:32:44.258380110,GET,City,BUH
2026-06-05T15:32:44.258576466,GET,Airport,OTP
2026-06-05T15:32:44.265059550,GET,Country,FRA
2026-06-05T15:32:44.265435241,GET,City,PAR
2026-06-05T15:32:44.265614048,GET,Airport,CDG
2026-06-05T15:32:44.265763716,GET,Route,R-OTP-CDG
2026-06-05T15:32:44.273745071,GET,Country,ROU
2026-06-05T15:32:44.274143116,GET,City,BUH
2026-06-05T15:32:44.274410456,GET,Airport,OTP
2026-06-05T15:32:44.281026640,GET,Country,USA
2026-06-05T15:32:44.281432011,GET,City,NYC
2026-06-05T15:32:44.281585473,GET,Airport,JFK
2026-06-05T15:32:44.281760335,GET,Route,R-OTP-JFK
2026-06-05T15:32:44.288278525,GET,Country,ROU
2026-06-05T15:32:44.288617996,GET,City,BUH
2026-06-05T15:32:44.288769001,GET,Airport,OTP
2026-06-05T15:32:44.294081085,GET,Country,SGP
2026-06-05T15:32:44.294418466,GET,City,SIN
2026-06-05T15:32:44.294584599,GET,Airport,SIN
2026-06-05T15:32:44.294721516,GET,Route,R-OTP-SIN
2026-06-05T15:32:44.294923136,GET,All routes,
2026-06-05T15:33:13.031096668,GET,Country,FRA
2026-06-05T15:33:13.031875424,GET,City,PAR
2026-06-05T15:33:13.032208353,GET,Airport,CDG
2026-06-05T15:33:13.042976638,GET,Country,USA
2026-06-05T15:33:13.043590407,GET,City,NYC
2026-06-05T15:33:13.043932627,GET,Airport,JFK
2026-06-05T15:33:13.044178075,GET,Route,R-CDG-JFK
2026-06-05T15:33:13.053454765,GET,Country,FRA
2026-06-05T15:33:13.053811329,GET,City,PAR
2026-06-05T15:33:13.054024929,GET,Airport,CDG
2026-06-05T15:33:13.059962698,GET,Country,ROU
2026-06-05T15:33:13.060287564,GET,City,BUH
2026-06-05T15:33:13.060473112,GET,Airport,OTP
2026-06-05T15:33:13.060639915,GET,Route,R-CDG-OTP
2026-06-05T15:33:13.067446033,GET,Country,ROU
2026-06-05T15:33:13.067799254,GET,City,BUH
2026-06-05T15:33:13.067962830,GET,Airport,OTP
2026-06-05T15:33:13.073091041,GET,Country,FRA
2026-06-05T15:33:13.073460855,GET,City,PAR
2026-06-05T15:33:13.073664650,GET,Airport,CDG
2026-06-05T15:33:13.073832982,GET,Route,R-OTP-CDG
2026-06-05T15:33:13.080590357,GET,Country,ROU
2026-06-05T15:33:13.080920914,GET,City,BUH
2026-06-05T15:33:13.081073598,GET,Airport,OTP
2026-06-05T15:33:13.086672164,GET,Country,USA
2026-06-05T15:33:13.086979595,GET,City,NYC
2026-06-05T15:33:13.087269786,GET,Airport,JFK
2026-06-05T15:33:13.087435382,GET,Route,R-OTP-JFK
2026-06-05T15:33:13.092486604,GET,Country,ROU
2026-06-05T15:33:13.092733339,GET,City,BUH
2026-06-05T15:33:13.092871019,GET,Airport,OTP
2026-06-05T15:33:13.095768703,GET,Country,SGP
2026-06-05T15:33:13.095953947,GET,City,SIN
2026-06-05T15:33:13.096117161,GET,Airport,SIN
2026-06-05T15:33:13.096209984,GET,Route,R-OTP-SIN
2026-06-05T15:33:13.096331724,GET,All routes,
2026-06-05T15:33:32.916172755,GET,Country,FRA
2026-06-05T15:33:32.916746646,GET,City,PAR
2026-06-05T15:33:32.920987355,GET,Airport,CDG
2026-06-05T15:33:32.929573231,GET,Country,USA
2026-06-05T15:33:32.929927672,GET,City,NYC
2026-06-05T15:33:32.930105476,GET,Airport,JFK
2026-06-05T15:33:32.930279595,GET,Route,R-CDG-JFK
2026-06-05T15:33:32.941381704,GET,Country,FRA
2026-06-05T15:33:32.941764722,GET,City,PAR
2026-06-05T15:33:32.942060852,GET,Airport,CDG
2026-06-05T15:33:32.947719768,GET,Country,ROU
2026-06-05T15:33:32.948009057,GET,City,BUH
2026-06-05T15:33:32.948156115,GET,Airport,OTP
2026-06-05T15:33:32.948286578,GET,Route,R-CDG-OTP
2026-06-05T15:33:32.956807354,GET,Country,ROU
2026-06-05T15:33:32.957141113,GET,City,BUH
2026-06-05T15:33:32.957280076,GET,Airport,OTP
2026-06-05T15:33:32.962535782,GET,Country,FRA
2026-06-05T15:33:32.962830335,GET,City,PAR
2026-06-05T15:33:32.962972647,GET,Airport,CDG
2026-06-05T15:33:32.963104189,GET,Route,R-OTP-CDG
2026-06-05T15:33:32.970514501,GET,Country,ROU
2026-06-05T15:33:32.971002326,GET,City,BUH
2026-06-05T15:33:32.971214151,GET,Airport,OTP
2026-06-05T15:33:32.977667837,GET,Country,USA
2026-06-05T15:33:32.978009622,GET,City,NYC
2026-06-05T15:33:32.978149844,GET,Airport,JFK
2026-06-05T15:33:32.978296472,GET,Route,R-OTP-JFK
2026-06-05T15:33:32.984472102,GET,Country,ROU
2026-06-05T15:33:32.984779766,GET,City,BUH
2026-06-05T15:33:32.984918483,GET,Airport,OTP
2026-06-05T15:33:32.990665969,GET,Country,SGP
2026-06-05T15:33:32.990953547,GET,City,SIN
2026-06-05T15:33:32.991077376,GET,Airport,SIN
2026-06-05T15:33:32.991234321,GET,Route,R-OTP-SIN
2026-06-05T15:33:32.991423807,GET,All routes,
2026-06-05T15:33:36.983262525,GET,Country,ROU
2026-06-05T15:33:36.983603738,GET,City,BUH
2026-06-05T15:33:36.983749984,GET,Airport,OTP
2026-06-05T15:33:36.990519284,GET,Country,FRA
2026-06-05T15:33:36.990858713,GET,City,PAR
2026-06-05T15:33:36.991020058,GET,Airport,CDG
2026-06-05T15:33:36.991220559,GET,Route,R-OTP-CDG
2026-06-05T15:33:37.000218196,GET,Country,ROU
2026-06-05T15:33:37.000549331,GET,City,BUH
2026-06-05T15:33:37.000697873,GET,Airport,OTP
2026-06-05T15:33:37.007464047,GET,Country,FRA
2026-06-05T15:33:37.007824455,GET,City,PAR
2026-06-05T15:33:37.007981241,GET,Airport,CDG
2026-06-05T15:33:37.008121765,GET,Route,R-OTP-CDG
2026-06-05T15:33:37.019399309,GET,Airplane model,A320
2026-06-05T15:33:37.023939038,GET,Airplane model,A388
2026-06-05T15:33:37.027397047,GET,Airplane model,B738
2026-06-05T15:33:37.030418433,GET,Airplane model,B789
2026-06-05T15:33:37.033651204,GET,Airplane model,BTEST
2026-06-05T15:33:37.034234050,GET,Airplane models by range,1850.0
2026-06-05T15:33:37.039972189,GET,Airplane model,A320
2026-06-05T15:33:37.040545580,GET,Airplane,YR-LRC
2026-06-05T15:33:37.044892413,GET,Airplane model,A388
2026-06-05T15:33:37.045245497,GET,Airplane,YR-AIR
2026-06-05T15:33:37.049381917,GET,Airplane model,AT76
2026-06-05T15:33:37.049738323,GET,Airplane,YR-ACA
2026-06-05T15:33:37.055127161,GET,Airplane model,B738
2026-06-05T15:33:37.055759083,GET,Airplane,YR-BMS
2026-06-05T15:33:37.055986316,GET,All airplanes,
2026-06-05T15:33:52.967713707,GET,Airplane model,A320
2026-06-05T15:33:52.968284222,GET,Airplane,YR-LRC
2026-06-05T15:35:30.046327836,GET,Airplane model,A320
2026-06-05T15:35:30.061426830,GET,Airplane model,A388
2026-06-05T15:35:30.066701222,GET,Airplane model,AT76
2026-06-05T15:35:30.070153361,GET,Airplane model,B738
2026-06-05T15:35:30.073158192,GET,Airplane model,B789
2026-06-05T15:35:30.076160989,GET,Airplane model,BTEST
2026-06-05T15:35:30.076575813,GET,All airplane models,
2026-06-05T15:35:47.776386064,GET,Airplane model,A320
2026-06-05T15:35:47.777503689,GET,Airplane,YR-LRC
2026-06-05T15:35:47.789700836,GET,Airplane model,A388
2026-06-05T15:35:47.790405867,GET,Airplane,YR-AIR
2026-06-05T15:35:47.796620042,GET,Airplane model,AT76
2026-06-05T15:35:47.797313302,GET,Airplane,YR-ACA
2026-06-05T15:35:47.804530455,GET,Airplane model,B738
2026-06-05T15:35:47.805384384,GET,Airplane,YR-BMS
2026-06-05T15:35:47.805859066,GET,All airplanes,
2026-06-05T15:36:01.492890911,GET,Country,FRA
2026-06-05T15:36:01.495269218,GET,City,PAR
2026-06-05T15:36:01.499195778,GET,Airport,CDG
2026-06-05T15:36:01.513564770,GET,Country,USA
2026-06-05T15:36:01.514630498,GET,City,NYC
2026-06-05T15:36:01.517275396,GET,Airport,JFK
2026-06-05T15:36:01.517777836,GET,Route,R-CDG-JFK
2026-06-05T15:36:01.529697005,GET,Country,FRA
2026-06-05T15:36:01.530153079,GET,City,PAR
2026-06-05T15:36:01.530389410,GET,Airport,CDG
2026-06-05T15:36:01.536635681,GET,Country,ROU
2026-06-05T15:36:01.536972554,GET,City,BUH
2026-06-05T15:36:01.537162325,GET,Airport,OTP
2026-06-05T15:36:01.537364709,GET,Route,R-CDG-OTP
2026-06-05T15:36:01.544900041,GET,Country,ROU
2026-06-05T15:36:01.545290264,GET,City,BUH
2026-06-05T15:36:01.545491540,GET,Airport,OTP
2026-06-05T15:36:01.550928831,GET,Country,FRA
2026-06-05T15:36:01.551219701,GET,City,PAR
2026-06-05T15:36:01.551381689,GET,Airport,CDG
2026-06-05T15:36:01.551578320,GET,Route,R-OTP-CDG
2026-06-05T15:36:01.556690776,GET,Country,ROU
2026-06-05T15:36:01.556929426,GET,City,BUH
2026-06-05T15:36:01.557045134,GET,Airport,OTP
2026-06-05T15:36:01.560250932,GET,Country,USA
2026-06-05T15:36:01.560474935,GET,City,NYC
2026-06-05T15:36:01.560578142,GET,Airport,JFK
2026-06-05T15:36:01.560676389,GET,Route,R-OTP-JFK
2026-06-05T15:36:01.565086716,GET,Country,ROU
2026-06-05T15:36:01.565327378,GET,City,BUH
2026-06-05T15:36:01.565451228,GET,Airport,OTP
2026-06-05T15:36:01.568598476,GET,Country,SGP
2026-06-05T15:36:01.568845276,GET,City,SIN
2026-06-05T15:36:01.569118706,GET,Airport,SIN
2026-06-05T15:36:01.569258932,GET,Route,R-OTP-SIN
2026-06-05T15:36:01.569442461,GET,All routes,
2026-06-05T15:36:04.469822046,GET,Country,ROU
2026-06-05T15:36:04.470273300,GET,City,BUH
2026-06-05T15:36:04.470511193,GET,Airport,OTP
2026-06-05T15:36:04.480738813,GET,Country,FRA
2026-06-05T15:36:04.481585671,GET,City,PAR
2026-06-05T15:36:04.481918741,GET,Airport,CDG
2026-06-05T15:36:04.482213752,GET,Route,R-OTP-CDG
2026-06-05T15:36:04.493689862,GET,Country,ROU
2026-06-05T15:36:04.494066248,GET,City,BUH
2026-06-05T15:36:04.494267064,GET,Airport,OTP
2026-06-05T15:36:04.501537356,GET,Country,FRA
2026-06-05T15:36:04.501932007,GET,City,PAR
2026-06-05T15:36:04.502117931,GET,Airport,CDG
2026-06-05T15:36:04.502301497,GET,Route,R-OTP-CDG
2026-06-05T15:36:04.508983970,GET,Airplane model,A320
2026-06-05T15:36:04.513037011,GET,Airplane model,A388
2026-06-05T15:36:04.516796330,GET,Airplane model,B738
2026-06-05T15:36:04.520167495,GET,Airplane model,B789
2026-06-05T15:36:04.523095612,GET,Airplane model,BTEST
2026-06-05T15:36:04.523548731,GET,Airplane models by range,1850.0
2026-06-05T15:36:04.527664319,GET,Airplane model,A320
2026-06-05T15:36:04.527958035,GET,Airplane,YR-LRC
2026-06-05T15:36:04.531028164,GET,Airplane model,A388
2026-06-05T15:36:04.531331545,GET,Airplane,YR-AIR
2026-06-05T15:36:04.534376540,GET,Airplane model,AT76
2026-06-05T15:36:04.534787112,GET,Airplane,YR-ACA
2026-06-05T15:36:04.537967225,GET,Airplane model,B738
2026-06-05T15:36:04.538247536,GET,Airplane,YR-BMS
2026-06-05T15:36:04.538392864,GET,All airplanes,
2026-06-05T15:36:07.648194102,GET,Airplane model,A320
2026-06-05T15:36:07.648820676,GET,Airplane,YR-LRC
2026-06-05T15:38:15.586262226,GET,Country,FRA
2026-06-05T15:38:15.598024712,GET,City,PAR
2026-06-05T15:38:15.599184370,GET,Airport,CDG
2026-06-05T15:38:15.605718999,GET,Country,USA
2026-06-05T15:38:15.606017897,GET,City,NYC
2026-06-05T15:38:15.607021863,GET,Airport,JFK
2026-06-05T15:38:15.607300974,GET,Route,R-CDG-JFK
2026-06-05T15:38:15.616126414,GET,Country,FRA
2026-06-05T15:38:15.616508114,GET,City,PAR
2026-06-05T15:38:15.616681125,GET,Airport,CDG
2026-06-05T15:38:15.621142909,GET,Country,ROU
2026-06-05T15:38:15.621709114,GET,City,BUH
2026-06-05T15:38:15.621926867,GET,Airport,OTP
2026-06-05T15:38:15.622105119,GET,Route,R-CDG-OTP
2026-06-05T15:38:15.628608105,GET,Country,ROU
2026-06-05T15:38:15.628875252,GET,City,BUH
2026-06-05T15:38:15.629027698,GET,Airport,OTP
2026-06-05T15:38:15.633002635,GET,Country,FRA
2026-06-05T15:38:15.633216522,GET,City,PAR
2026-06-05T15:38:15.633331216,GET,Airport,CDG
2026-06-05T15:38:15.633456562,GET,Route,R-OTP-CDG
2026-06-05T15:38:15.638130070,GET,Country,ROU
2026-06-05T15:38:15.638410032,GET,City,BUH
2026-06-05T15:38:15.638561274,GET,Airport,OTP
2026-06-05T15:38:15.642889797,GET,Country,USA
2026-06-05T15:38:15.643142827,GET,City,NYC
2026-06-05T15:38:15.643285294,GET,Airport,JFK
2026-06-05T15:38:15.643440702,GET,Route,R-OTP-JFK
2026-06-05T15:38:15.647899613,GET,Country,ROU
2026-06-05T15:38:15.648108788,GET,City,BUH
2026-06-05T15:38:15.648225428,GET,Airport,OTP
2026-06-05T15:38:15.651676487,GET,Country,SGP
2026-06-05T15:38:15.651918446,GET,City,SIN
2026-06-05T15:38:15.652170455,GET,Airport,SIN
2026-06-05T15:38:15.652296765,GET,Route,R-OTP-SIN
2026-06-05T15:38:15.652533914,GET,All routes,
2026-06-05T15:38:18.482426360,GET,Country,ROU
2026-06-05T15:38:18.483157711,GET,City,BUH
2026-06-05T15:38:18.483650501,GET,Airport,OTP
2026-06-05T15:38:18.496921230,GET,Country,FRA
2026-06-05T15:38:18.497530936,GET,City,PAR
2026-06-05T15:38:18.497899662,GET,Airport,CDG
2026-06-05T15:38:18.498252929,GET,Route,R-OTP-CDG
2026-06-05T15:38:18.509681425,GET,Country,ROU
2026-06-05T15:38:18.510138703,GET,City,BUH
2026-06-05T15:38:18.510388382,GET,Airport,OTP
2026-06-05T15:38:18.516461798,GET,Country,FRA
2026-06-05T15:38:18.516797863,GET,City,PAR
2026-06-05T15:38:18.516982646,GET,Airport,CDG
2026-06-05T15:38:18.517156223,GET,Route,R-OTP-CDG
2026-06-05T15:38:18.525894955,GET,Airplane model,A320
2026-06-05T15:38:18.531423441,GET,Airplane model,A388
2026-06-05T15:38:18.535297277,GET,Airplane model,B738
2026-06-05T15:38:18.539738371,GET,Airplane model,B789
2026-06-05T15:38:18.545953114,GET,Airplane model,BTEST
2026-06-05T15:38:18.546720731,GET,Airplane models by range,1850.0
2026-06-05T15:38:18.554582981,GET,Airplane model,A320
2026-06-05T15:38:18.555035747,GET,Airplane,YR-LRC
2026-06-05T15:38:18.561446464,GET,Airplane model,A388
2026-06-05T15:38:18.561924703,GET,Airplane,YR-AIR
2026-06-05T15:38:18.566328500,GET,Airplane model,AT76
2026-06-05T15:38:18.566809043,GET,Airplane,YR-ACA
2026-06-05T15:38:18.570767531,GET,Airplane model,B738
2026-06-05T15:38:18.571175038,GET,Airplane,YR-BMS
2026-06-05T15:38:18.576079910,GET,All airplanes,
2026-06-05T15:38:24.934443470,GET,Airplane model,A320
2026-06-05T15:38:24.935247165,GET,Airplane,YR-LRC
2026-06-05T15:39:06.061003313,GET,Country,ROU
2026-06-05T15:39:06.061530303,GET,City,BUH
2026-06-05T15:39:06.061758439,GET,Airport,OTP
2026-06-05T15:39:06.071418263,GET,Country,FRA
2026-06-05T15:39:06.072018741,GET,City,PAR
2026-06-05T15:39:06.072323502,GET,Airport,CDG
2026-06-05T15:39:06.072728712,GET,Route,R-OTP-CDG
2026-06-05T15:39:06.089567596,GET,Airplane model,A320
2026-06-05T15:39:06.090788603,GET,Airplane,YR-LRC
2026-06-05T15:39:06.100248204,GET,Airplane model,A320
2026-06-05T15:39:33.285897457,GET,Airplane model,A320
2026-06-05T15:39:33.291020503,GET,Airplane model,A388
2026-06-05T15:39:33.296745380,GET,Airplane model,AT76
2026-06-05T15:39:33.303605347,GET,Airplane model,B738
2026-06-05T15:39:33.308579169,GET,Airplane model,B789
2026-06-05T15:39:33.315094723,GET,Airplane model,BTEST
2026-06-05T15:39:33.316130181,GET,All airplane models,
2026-06-05T15:39:42.367728654,GET,Airplane model,A320
2026-06-05T15:39:42.368506682,GET,Airplane,YR-LRC
2026-06-05T15:39:42.378630036,GET,Airplane model,A388
2026-06-05T15:39:42.379379388,GET,Airplane,YR-AIR
2026-06-05T15:39:42.387147549,GET,Airplane model,AT76
2026-06-05T15:39:42.387659111,GET,Airplane,YR-ACA
2026-06-05T15:39:42.392708752,GET,Airplane model,B738
2026-06-05T15:39:42.393183105,GET,Airplane,YR-BMS
2026-06-05T15:39:42.393381004,GET,All airplanes,
2026-06-05T15:57:26.495854885,GET,Airplane model,A320
2026-06-05T15:57:26.507085319,GET,Airplane,YR-LRC
2026-06-05T15:57:26.514313930,GET,Airplane model,A388
2026-06-05T15:57:26.514929013,GET,Airplane,YR-AIR
2026-06-05T15:57:26.520296535,GET,Airplane model,AT76
2026-06-05T15:57:26.520737109,GET,Airplane,YR-ACA
2026-06-05T15:57:26.527199597,GET,Airplane model,B738
2026-06-05T15:57:26.527634862,GET,Airplane,YR-BMS
2026-06-05T15:57:26.527817405,GET,All airplanes,
2026-06-05T15:58:03.383226599,GET,Airplane model,B738
2026-06-05T15:58:03.383886920,GET,Airplane,YR-BMS
2026-06-05T15:58:16.437896245,GET,Airplane model,B738
2026-06-05T15:58:28.237508742,GET,Airplane model,B738
2026-06-05T15:58:28.259324693,UPDATE,Airplane,YR-BMS
2026-06-05T15:58:34.915725124,GET,Airplane model,A320
2026-06-05T15:58:34.916451503,GET,Airplane,YR-LRC
2026-06-05T15:58:34.926646165,GET,Airplane model,A388
2026-06-05T15:58:34.927564918,GET,Airplane,YR-AIR
2026-06-05T15:58:34.939038463,GET,Airplane model,AT76
2026-06-05T15:58:34.939875366,GET,Airplane,YR-ACA
2026-06-05T15:58:34.946889378,GET,Airplane model,B738
2026-06-05T15:58:34.947537514,GET,Airplane,YR-BMS
2026-06-05T15:58:34.947946386,GET,All airplanes,
2026-06-05T16:01:32.352001696,GET,Airplane model,A320
2026-06-05T16:01:32.360655793,GET,Airplane,YR-LRC
2026-06-05T16:01:32.371742861,GET,Airplane model,A388
2026-06-05T16:01:32.372539213,GET,Airplane,YR-AIR
2026-06-05T16:01:32.377595613,GET,Airplane model,AT76
2026-06-05T16:01:32.378082891,GET,Airplane,YR-ACA
2026-06-05T16:01:32.382147807,GET,Airplane model,B738
2026-06-05T16:01:32.382537052,GET,Airplane,YR-BMS
2026-06-05T16:01:32.382700705,GET,All airplanes,
2026-06-05T16:01:39.576769215,GET,Airplane model,B738
2026-06-05T16:01:39.577714929,GET,Airplane,YR-BMS
2026-06-05T16:01:42.762320840,GET,Airplane model,B738
2026-06-05T16:01:49.214851834,GET,Airplane model,B738
2026-06-05T16:01:49.260822381,UPDATE,Airplane,YR-BMS
2026-06-05T17:45:22.327389815,GET,Country,ROU
2026-06-05T17:45:22.334673189,GET,Country,ROU
2026-06-05T17:45:22.334849072,GET,Passenger,1
2026-06-05T17:45:22.337396302,GET,Country,ROU
2026-06-05T17:45:22.338783677,GET,Country,ROU
2026-06-05T17:45:22.338901724,GET,Passenger,2
2026-06-05T17:45:22.340753891,GET,Country,FRA
2026-06-05T17:45:22.342090854,GET,Country,FRA
2026-06-05T17:45:22.342205785,GET,Passenger,3
2026-06-05T17:45:22.344089222,GET,Country,ROU
2026-06-05T17:45:22.345328904,GET,Country,ROU
2026-06-05T17:45:22.345457908,GET,Passenger,10
2026-06-05T17:45:22.345521299,GET,All passengers,
2026-06-05T17:45:37.413808694,GET,Country,ROU
2026-06-05T17:45:37.417682665,GET,Country,ROU
2026-06-05T17:45:37.417928540,GET,Passenger,10
2026-06-05T17:46:00.423144020,UPDATE,PassengerEmail,10
2026-06-05T17:46:06.879549044,GET,Country,ROU
2026-06-05T17:46:06.883247238,GET,Country,ROU
2026-06-05T17:46:06.883486808,GET,Passenger,10
2026-06-05T17:46:14.504303064,GET,Country,ROU
2026-06-05T17:46:14.508416085,GET,Country,ROU
2026-06-05T17:46:14.508641833,GET,Passenger,10
2026-06-05T17:46:27.569014932,GET,Country,ROU
2026-06-05T17:46:27.570612400,GET,Country,ROU
2026-06-05T17:46:27.573990588,GET,Airplane model,A320
2026-06-05T17:46:27.575373208,GET,Airplane model,B738
2026-06-05T17:46:27.575539969,GET,Pilot,4
2026-06-05T17:46:27.578281644,GET,Country,ROU
2026-06-05T17:46:27.579489018,GET,Country,ROU
2026-06-05T17:46:27.580649644,GET,Airplane model,A320
2026-06-05T17:46:27.581635352,GET,Airplane model,A388
2026-06-05T17:46:27.581792462,GET,Pilot,5
2026-06-05T17:46:27.581866050,GET,All pilots,
2026-06-05T17:46:54.607030795,GET,Country,ROU
2026-06-05T17:46:54.608582666,GET,Country,ROU
2026-06-05T17:46:54.609904461,GET,Airplane model,A320
2026-06-05T17:46:54.610780323,GET,Airplane model,B738
2026-06-05T17:46:54.610948100,GET,Pilot,4
2026-06-05T17:47:08.156315757,GET,Country,ROU
2026-06-05T17:47:08.158356727,GET,Country,ROU
2026-06-05T17:47:08.159778586,GET,Airplane model,A320
2026-06-05T17:47:08.160690479,GET,Airplane model,B738
2026-06-05T17:47:08.160853883,GET,Pilot,4
2026-06-05T17:47:19.929058393,GET,Country,ROU
2026-06-05T17:47:19.934477437,GET,Country,ROU
2026-06-05T17:47:19.941943090,GET,Airplane model,A320
2026-06-05T17:47:19.946958700,GET,Airplane model,B738
2026-06-05T17:47:19.947542468,GET,Pilot,4
2026-06-05T17:47:34.858467792,GET,Country,ROU
2026-06-05T17:47:34.861715507,GET,Country,ROU
2026-06-05T17:47:34.864630315,GET,Airplane model,A320
2026-06-05T17:47:34.866049236,GET,Airplane model,B738
2026-06-05T17:47:34.866229843,GET,Pilot,4
2026-06-05T17:47:34.883973021,UPDATE,Pilot FirstName,4
2026-06-05T17:47:34.889335643,GET,Country,ROU
2026-06-05T17:47:34.891495200,GET,Country,ROU
2026-06-05T17:47:34.893486028,GET,Airplane model,A320
2026-06-05T17:47:34.894769679,GET,Airplane model,B738
2026-06-05T17:47:34.894954476,GET,Pilot,4
2026-06-05T17:47:36.976292986,GET,Country,ROU
2026-06-05T17:47:36.979885527,GET,Country,ROU
2026-06-05T17:47:36.981645955,GET,Airplane model,A320
2026-06-05T17:47:36.982633162,GET,Airplane model,B738
2026-06-05T17:47:36.982834705,GET,Pilot,4
2026-06-05T17:47:47.771680545,GET,Country,ROU
2026-06-05T17:47:47.773641336,GET,Country,ROU
2026-06-05T17:47:47.775125059,GET,Airplane model,A320
2026-06-05T17:47:47.776154251,GET,Airplane model,B738
2026-06-05T17:47:47.776315062,GET,Pilot,4
2026-06-05T17:47:47.836266643,UPDATE,Pilot FirstName,4
2026-06-05T17:47:47.842869624,GET,Country,ROU
2026-06-05T17:47:47.845551718,GET,Country,ROU
2026-06-05T17:47:47.847450801,GET,Airplane model,A320
2026-06-05T17:47:47.848604361,GET,Airplane model,B738
2026-06-05T17:47:47.848752111,GET,Pilot,4
2026-06-05T17:47:55.232881906,GET,Country,ROU
2026-06-05T17:47:55.234912658,GET,Country,ROU
2026-06-05T17:47:55.237286773,GET,Airplane model,A320
2026-06-05T17:47:55.241025336,GET,Airplane model,B738
2026-06-05T17:47:55.241272373,GET,Pilot,4
2026-06-05T17:48:02.792179492,GET,Country,ROU
2026-06-05T17:48:02.796839333,GET,Country,ROU
2026-06-05T17:48:02.802181873,GET,Airplane model,A320
2026-06-05T17:48:02.805208426,GET,Airplane model,B738
2026-06-05T17:48:02.805425158,GET,Pilot,4
2026-06-05T17:48:02.819187885,UPDATE,Pilot FirstName,4
2026-06-05T17:48:02.823772291,GET,Country,ROU
2026-06-05T17:48:02.825199991,GET,Country,ROU
2026-06-05T17:48:02.826283925,GET,Airplane model,A320
2026-06-05T17:48:02.827132628,GET,Airplane model,B738
2026-06-05T17:48:02.827294048,GET,Pilot,4
2026-06-05T17:56:03.491840961,GET,Country,ROU
2026-06-05T17:56:03.497775994,GET,Country,ROU
2026-06-05T17:56:03.501249941,GET,Airplane model,A320
2026-06-05T17:56:03.507977929,GET,Airplane model,B738
2026-06-05T17:56:03.508227397,GET,Pilot,4
2026-06-05T17:56:03.511511549,GET,Country,ROU
2026-06-05T17:56:03.513429475,GET,Country,ROU
2026-06-05T17:56:03.515070417,GET,Airplane model,A320
2026-06-05T17:56:03.516106261,GET,Airplane model,A388
2026-06-05T17:56:03.516266547,GET,Pilot,5
2026-06-05T17:56:03.516334232,GET,All pilots,
2026-06-05T17:56:17.484228147,GET,Country,ROU
2026-06-05T17:56:17.487999657,GET,Country,ROU
2026-06-05T17:56:17.489949836,GET,Airplane model,A320
2026-06-05T17:56:17.491862118,GET,Airplane model,B738
2026-06-05T17:56:17.492106635,GET,Pilot,4
2026-06-05T17:56:20.603843751,GET,Country,ROU
2026-06-05T17:56:20.605816490,GET,Country,ROU
2026-06-05T17:56:20.607820439,GET,Airplane model,A320
2026-06-05T17:56:20.610272128,GET,Airplane model,B738
2026-06-05T17:56:20.610598295,GET,Pilot,4
2026-06-05T17:56:39.566095453,GET,Country,ROU
2026-06-05T17:56:39.568283318,GET,Country,ROU
2026-06-05T17:56:39.570031452,GET,Airplane model,A320
2026-06-05T17:56:39.571178090,GET,Airplane model,B738
2026-06-05T17:56:39.571377905,GET,Pilot,4
2026-06-05T17:56:39.588906832,UPDATE,Pilot FirstName,4
2026-06-05T17:56:39.591230908,GET,Country,ROU
2026-06-05T17:56:39.592988237,GET,Country,ROU
2026-06-05T17:56:39.594996983,GET,Airplane model,A320
2026-06-05T17:56:39.596519670,GET,Airplane model,B738
2026-06-05T17:56:39.596758568,GET,Pilot,4
2026-06-05T17:56:42.226633532,GET,Country,ROU
2026-06-05T17:56:42.228832066,GET,Country,ROU
2026-06-05T17:56:42.231245389,GET,Airplane model,A320
2026-06-05T17:56:42.233598625,GET,Airplane model,B738
2026-06-05T17:56:42.233975561,GET,Pilot,4
2026-06-05T17:56:48.321186510,GET,Country,FRA
2026-06-05T17:56:48.324627516,GET,Country,ROU
2026-06-05T17:56:48.326364013,GET,Country,SGP
2026-06-05T17:56:48.327980938,GET,Country,USA
2026-06-05T17:56:48.328199129,GET,All countries,
2026-06-05T17:57:08.358678542,GET,Country,ROU
2026-06-05T17:57:10.611132578,GET,Country,ROU
2026-06-05T17:57:10.614987471,GET,Country,ROU
2026-06-05T17:57:10.618994725,GET,Airplane model,A320
2026-06-05T17:57:10.621452537,GET,Airplane model,B738
2026-06-05T17:57:10.621750733,GET,Pilot,4
2026-06-05T17:57:10.637461067,UPDATE,Pilot IdentityDocuments,4
2026-06-05T17:57:10.640177402,GET,Country,ROU
2026-06-05T17:57:10.641347259,GET,Country,ROU
2026-06-05T17:57:10.642595109,GET,Airplane model,A320
2026-06-05T17:57:10.643491001,GET,Airplane model,B738
2026-06-05T17:57:10.643644894,GET,Pilot,4
2026-06-05T17:57:19.238315386,GET,Country,ROU
2026-06-05T17:57:19.244739590,GET,Country,ROU
2026-06-05T17:57:19.255897995,GET,Airplane model,A320
2026-06-05T17:57:19.262321339,GET,Airplane model,B738
2026-06-05T17:57:19.263098977,GET,Pilot,4
2026-06-05T17:59:47.977186968,GET,Country,ROU
2026-06-05T17:59:47.983175324,GET,Country,ROU
2026-06-05T17:59:47.986400886,GET,Airplane model,A320
2026-06-05T17:59:47.989387097,GET,Airplane model,B738
2026-06-05T17:59:47.989746618,GET,Pilot,4
2026-06-05T17:59:50.374582654,GET,Country,ROU
2026-06-05T17:59:50.376018344,GET,Country,ROU
2026-06-05T17:59:50.377744242,GET,Airplane model,A320
2026-06-05T17:59:50.379129204,GET,Airplane model,B738
2026-06-05T17:59:50.379408383,GET,Pilot,4
2026-06-05T18:01:09.999789449,GET,Country,ROU
2026-06-05T18:01:10.003472884,GET,City,BUH
2026-06-05T18:01:10.003723514,GET,Airport,OTP
2026-06-05T18:01:10.006198123,GET,Country,FRA
2026-06-05T18:01:10.006327378,GET,City,PAR
2026-06-05T18:01:10.006691269,GET,Airport,CDG
2026-06-05T18:01:10.006795884,GET,Route,R-OTP-CDG
2026-06-05T18:01:10.009408090,GET,Airplane model,A320
2026-06-05T18:01:10.009856840,GET,Airplane,YR-LRC
2026-06-05T18:01:10.013789226,GET,Country,FRA
2026-06-05T18:01:10.013931267,GET,City,PAR
2026-06-05T18:01:10.014007888,GET,Airport,CDG
2026-06-05T18:01:10.015671793,GET,Country,ROU
2026-06-05T18:01:10.015792965,GET,City,BUH
2026-06-05T18:01:10.015874345,GET,Airport,OTP
2026-06-05T18:01:10.015946519,GET,Route,R-CDG-OTP
2026-06-05T18:01:10.017214376,GET,Airplane model,B738
2026-06-05T18:01:10.017375501,GET,Airplane,YR-BMS
2026-06-05T18:01:10.019321482,GET,Country,FRA
2026-06-05T18:01:10.019445014,GET,City,PAR
2026-06-05T18:01:10.019515457,GET,Airport,CDG
2026-06-05T18:01:10.020774356,GET,Country,USA
2026-06-05T18:01:10.020873218,GET,City,NYC
2026-06-05T18:01:10.021367150,GET,Airport,JFK
2026-06-05T18:01:10.021449710,GET,Route,R-CDG-JFK
2026-06-05T18:01:10.022736099,GET,Airplane model,A388
2026-06-05T18:01:10.022897869,GET,Airplane,YR-AIR
2026-06-05T18:01:10.024682828,GET,Country,ROU
2026-06-05T18:01:10.024773754,GET,City,BUH
2026-06-05T18:01:10.024840153,GET,Airport,OTP
2026-06-05T18:01:10.027681614,GET,Country,SGP
2026-06-05T18:01:10.027908930,GET,City,SIN
2026-06-05T18:01:10.028176432,GET,Airport,SIN
2026-06-05T18:01:10.028289792,GET,Route,R-OTP-SIN
2026-06-05T18:01:10.030677172,GET,Airplane model,A388
2026-06-05T18:01:10.030939831,GET,Airplane,YR-AIR
2026-06-05T18:01:10.031183249,GET,All flights,
2026-06-05T18:01:19.283839897,GET,Country,ROU
2026-06-05T18:01:19.283982381,GET,City,BUH
2026-06-05T18:01:19.284043588,GET,Airport,OTP
2026-06-05T18:01:19.286113395,GET,Country,SGP
2026-06-05T18:01:19.286255705,GET,City,SIN
2026-06-05T18:01:19.286317622,GET,Airport,SIN
2026-06-05T18:01:19.286383878,GET,Route,R-OTP-SIN
2026-06-05T18:01:19.287661183,GET,Airplane model,A388
2026-06-05T18:01:19.287803308,GET,Airplane,YR-AIR
2026-06-05T18:01:19.287985615,GET,Flight,FL300
2026-06-05T18:01:19.289816509,GET,Flight,FL300
2026-06-05T18:01:23.919985196,GET,Country,ROU
2026-06-05T18:01:23.920180257,GET,City,BUH
2026-06-05T18:01:23.920274823,GET,Airport,OTP
2026-06-05T18:01:23.922698737,GET,Country,SGP
2026-06-05T18:01:23.922830077,GET,City,SIN
2026-06-05T18:01:23.922882650,GET,Airport,SIN
2026-06-05T18:01:23.922939242,GET,Route,R-OTP-SIN
2026-06-05T18:01:23.924484539,GET,Airplane model,A388
2026-06-05T18:01:23.924667592,GET,Airplane,YR-AIR
2026-06-05T18:01:23.924789853,GET,Flight,FL300
2026-06-05T18:01:23.925248360,GET,Flight,FL300
2026-06-05T18:01:34.980462057,GET,Country,ROU
2026-06-05T18:01:34.980653537,GET,City,BUH
2026-06-05T18:01:34.980734554,GET,Airport,OTP
2026-06-05T18:01:34.982805767,GET,Country,FRA
2026-06-05T18:01:34.982934559,GET,City,PAR
2026-06-05T18:01:34.982995875,GET,Airport,CDG
2026-06-05T18:01:34.983048418,GET,Route,R-OTP-CDG
2026-06-05T18:01:34.984414721,GET,Airplane model,A320
2026-06-05T18:01:34.984602404,GET,Airplane,YR-LRC
2026-06-05T18:01:34.984725331,GET,Flight,FL100
2026-06-05T18:01:34.988239637,GET,Country,ROU
2026-06-05T18:01:34.989422130,GET,Country,ROU
2026-06-05T18:01:34.989534276,GET,Passenger,10
2026-06-05T18:01:34.991191226,GET,Country,ROU
2026-06-05T18:01:34.992149937,GET,Country,ROU
2026-06-05T18:01:34.992251167,GET,Passenger,1
2026-06-05T18:01:34.993674980,GET,Country,ROU
2026-06-05T18:01:34.994544281,GET,Country,ROU
2026-06-05T18:01:34.994622766,GET,Passenger,2
2026-06-05T18:01:34.994675630,GET,Flight,FL100
2026-06-05T18:01:34.996024053,GET,Country,ROU
2026-06-05T18:01:34.997169611,GET,Country,ROU
2026-06-05T18:01:34.997292301,GET,Passenger,1
2026-06-05T18:01:34.997364642,GET,Booking,TCK-001
2026-06-05T18:01:35.000628910,GET,Country,ROU
2026-06-05T18:01:35.000792853,GET,City,BUH
2026-06-05T18:01:35.000847765,GET,Airport,OTP
2026-06-05T18:01:35.001960341,GET,Country,FRA
2026-06-05T18:01:35.002045258,GET,City,PAR
2026-06-05T18:01:35.002100463,GET,Airport,CDG
2026-06-05T18:01:35.002154542,GET,Route,R-OTP-CDG
2026-06-05T18:01:35.003110772,GET,Airplane model,A320
2026-06-05T18:01:35.003235899,GET,Airplane,YR-LRC
2026-06-05T18:01:35.003364577,GET,Flight,FL100
2026-06-05T18:01:35.005063279,GET,Country,ROU
2026-06-05T18:01:35.005943953,GET,Country,ROU
2026-06-05T18:01:35.006035291,GET,Passenger,10
2026-06-05T18:01:35.007545938,GET,Country,ROU
2026-06-05T18:01:35.009077951,GET,Country,ROU
2026-06-05T18:01:35.009260632,GET,Passenger,1
2026-06-05T18:01:35.010959964,GET,Country,ROU
2026-06-05T18:01:35.012622505,GET,Country,ROU
2026-06-05T18:01:35.012788831,GET,Passenger,2
2026-06-05T18:01:35.012886587,GET,Flight,FL100
2026-06-05T18:01:35.015521685,GET,Country,ROU
2026-06-05T18:01:35.017119487,GET,Country,ROU
2026-06-05T18:01:35.017242797,GET,Passenger,2
2026-06-05T18:01:35.017293802,GET,Booking,TCK-002
2026-06-05T18:01:35.019755566,GET,Country,FRA
2026-06-05T18:01:35.019885727,GET,City,PAR
2026-06-05T18:01:35.019945402,GET,Airport,CDG
2026-06-05T18:01:35.020906552,GET,Country,USA
2026-06-05T18:01:35.020978444,GET,City,NYC
2026-06-05T18:01:35.021024035,GET,Airport,JFK
2026-06-05T18:01:35.021066633,GET,Route,R-CDG-JFK
2026-06-05T18:01:35.021896759,GET,Airplane model,A388
2026-06-05T18:01:35.022007144,GET,Airplane,YR-AIR
2026-06-05T18:01:35.022107292,GET,Flight,FL200
2026-06-05T18:01:35.025550968,GET,Country,FRA
2026-06-05T18:01:35.027205755,GET,Country,FRA
2026-06-05T18:01:35.027399136,GET,Passenger,3
2026-06-05T18:01:35.027504732,GET,Flight,FL200
2026-06-05T18:01:35.029623350,GET,Country,FRA
2026-06-05T18:01:35.031123251,GET,Country,FRA
2026-06-05T18:01:35.031248687,GET,Passenger,3
2026-06-05T18:01:35.031314077,GET,Booking,TCK-003
2026-06-05T18:01:35.034487088,GET,Country,ROU
2026-06-05T18:01:35.034631283,GET,City,BUH
2026-06-05T18:01:35.034743312,GET,Airport,OTP
2026-06-05T18:01:35.036641574,GET,Country,FRA
2026-06-05T18:01:35.036767488,GET,City,PAR
2026-06-05T18:01:35.036836293,GET,Airport,CDG
2026-06-05T18:01:35.036910407,GET,Route,R-OTP-CDG
2026-06-05T18:01:35.038095877,GET,Airplane model,A320
2026-06-05T18:01:35.038238401,GET,Airplane,YR-LRC
2026-06-05T18:01:35.038368005,GET,Flight,FL100
2026-06-05T18:01:35.040579897,GET,Country,ROU
2026-06-05T18:01:35.041702868,GET,Country,ROU
2026-06-05T18:01:35.041807982,GET,Passenger,10
2026-06-05T18:01:35.043143532,GET,Country,ROU
2026-06-05T18:01:35.044046133,GET,Country,ROU
2026-06-05T18:01:35.044126191,GET,Passenger,1
2026-06-05T18:01:35.045373142,GET,Country,ROU
2026-06-05T18:01:35.046166351,GET,Country,ROU
2026-06-05T18:01:35.046235205,GET,Passenger,2
2026-06-05T18:01:35.046279080,GET,Flight,FL100
2026-06-05T18:01:35.047490757,GET,Country,ROU
2026-06-05T18:01:35.048227004,GET,Country,ROU
2026-06-05T18:01:35.048288680,GET,Passenger,10
2026-06-05T18:01:35.048321333,GET,Booking,aa
2026-06-05T18:01:35.048380592,GET,All bookings,
2026-06-05T18:03:07.107769647,GET,Country,ROU
2026-06-05T18:03:07.111300170,GET,City,BUH
2026-06-05T18:03:07.111518788,GET,Airport,OTP
2026-06-05T18:03:07.114932298,GET,Country,FRA
2026-06-05T18:03:07.115128910,GET,City,PAR
2026-06-05T18:03:07.115761787,GET,Airport,CDG
2026-06-05T18:03:07.115910165,GET,Route,R-OTP-CDG
2026-06-05T18:03:07.118527081,GET,Airplane model,A320
2026-06-05T18:03:07.118991652,GET,Airplane,YR-LRC
2026-06-05T18:03:07.119939288,GET,Flight,FL100
2026-06-05T18:03:07.124041543,GET,Country,ROU
2026-06-05T18:03:07.125832822,GET,Country,ROU
2026-06-05T18:03:07.125960884,GET,Passenger,10
2026-06-05T18:03:07.128207058,GET,Country,ROU
2026-06-05T18:03:07.129509666,GET,Country,ROU
2026-06-05T18:03:07.129630256,GET,Passenger,1
2026-06-05T18:03:07.132078210,GET,Country,ROU
2026-06-05T18:03:07.133403665,GET,Country,ROU
2026-06-05T18:03:07.133524812,GET,Passenger,2
2026-06-05T18:03:07.133595862,GET,Flight,FL100
2026-06-05T18:03:07.136053623,GET,Country,ROU
2026-06-05T18:03:07.137497553,GET,Country,ROU
2026-06-05T18:03:07.137617203,GET,Passenger,1
2026-06-05T18:03:07.137675594,GET,Booking,TCK-001
2026-06-05T18:03:07.141678082,GET,Country,ROU
2026-06-05T18:03:07.141852182,GET,City,BUH
2026-06-05T18:03:07.141974854,GET,Airport,OTP
2026-06-05T18:03:07.144292616,GET,Country,FRA
2026-06-05T18:03:07.144451873,GET,City,PAR
2026-06-05T18:03:07.144546860,GET,Airport,CDG
2026-06-05T18:03:07.144641846,GET,Route,R-OTP-CDG
2026-06-05T18:03:07.146471525,GET,Airplane model,A320
2026-06-05T18:03:07.146631889,GET,Airplane,YR-LRC
2026-06-05T18:03:07.146757447,GET,Flight,FL100
2026-06-05T18:03:07.149571832,GET,Country,ROU
2026-06-05T18:03:07.151138979,GET,Country,ROU
2026-06-05T18:03:07.151333065,GET,Passenger,10
2026-06-05T18:03:07.153699095,GET,Country,ROU
2026-06-05T18:03:07.155301569,GET,Country,ROU
2026-06-05T18:03:07.155463026,GET,Passenger,1
2026-06-05T18:03:07.158141053,GET,Country,ROU
2026-06-05T18:03:07.159535263,GET,Country,ROU
2026-06-05T18:03:07.159646674,GET,Passenger,2
2026-06-05T18:03:07.159707985,GET,Flight,FL100
2026-06-05T18:03:07.161639170,GET,Country,ROU
2026-06-05T18:03:07.163055529,GET,Country,ROU
2026-06-05T18:03:07.163201338,GET,Passenger,2
2026-06-05T18:03:07.163267138,GET,Booking,TCK-002
2026-06-05T18:03:07.167162148,GET,Country,FRA
2026-06-05T18:03:07.167336779,GET,City,PAR
2026-06-05T18:03:07.167440075,GET,Airport,CDG
2026-06-05T18:03:07.169534160,GET,Country,USA
2026-06-05T18:03:07.169634177,GET,City,NYC
2026-06-05T18:03:07.170091187,GET,Airport,JFK
2026-06-05T18:03:07.170176558,GET,Route,R-CDG-JFK
2026-06-05T18:03:07.171473705,GET,Airplane model,A388
2026-06-05T18:03:07.171608620,GET,Airplane,YR-AIR
2026-06-05T18:03:07.171724552,GET,Flight,FL200
2026-06-05T18:03:07.173796322,GET,Country,FRA
2026-06-05T18:03:07.174937803,GET,Country,FRA
2026-06-05T18:03:07.175026646,GET,Passenger,3
2026-06-05T18:03:07.175085002,GET,Flight,FL200
2026-06-05T18:03:07.176811482,GET,Country,FRA
2026-06-05T18:03:07.177959792,GET,Country,FRA
2026-06-05T18:03:07.178055704,GET,Passenger,3
2026-06-05T18:03:07.178095611,GET,Booking,TCK-003
2026-06-05T18:03:07.180793426,GET,Country,ROU
2026-06-05T18:03:07.180932202,GET,City,BUH
2026-06-05T18:03:07.180994576,GET,Airport,OTP
2026-06-05T18:03:07.182486262,GET,Country,FRA
2026-06-05T18:03:07.182589194,GET,City,PAR
2026-06-05T18:03:07.182637878,GET,Airport,CDG
2026-06-05T18:03:07.182686047,GET,Route,R-OTP-CDG
2026-06-05T18:03:07.184016266,GET,Airplane model,A320
2026-06-05T18:03:07.184155784,GET,Airplane,YR-LRC
2026-06-05T18:03:07.184272739,GET,Flight,FL100
2026-06-05T18:03:07.186219116,GET,Country,ROU
2026-06-05T18:03:07.187266288,GET,Country,ROU
2026-06-05T18:03:07.187364740,GET,Passenger,10
2026-06-05T18:03:07.189059093,GET,Country,ROU
2026-06-05T18:03:07.190315207,GET,Country,ROU
2026-06-05T18:03:07.190464633,GET,Passenger,1
2026-06-05T18:03:07.192371693,GET,Country,ROU
2026-06-05T18:03:07.193588550,GET,Country,ROU
2026-06-05T18:03:07.193716365,GET,Passenger,2
2026-06-05T18:03:07.193800998,GET,Flight,FL100
2026-06-05T18:03:07.196378501,GET,Country,ROU
2026-06-05T18:03:07.198102589,GET,Country,ROU
2026-06-05T18:03:07.198242258,GET,Passenger,10
2026-06-05T18:03:07.198296166,GET,Booking,aa
2026-06-05T18:03:07.198367287,GET,All bookings,
2026-06-05T18:03:22.724468384,GET,Country,ROU
2026-06-05T18:03:22.724738209,GET,City,BUH
2026-06-05T18:03:22.724897959,GET,Airport,OTP
2026-06-05T18:03:22.729230546,GET,Country,FRA
2026-06-05T18:03:22.729446128,GET,City,PAR
2026-06-05T18:03:22.729598473,GET,Airport,CDG
2026-06-05T18:03:22.729733831,GET,Route,R-OTP-CDG
2026-06-05T18:03:22.732045119,GET,Airplane model,A320
2026-06-05T18:03:22.732375270,GET,Airplane,YR-LRC
2026-06-05T18:03:22.732596666,GET,Flight,FL100
2026-06-05T18:03:22.735323684,GET,Country,ROU
2026-06-05T18:03:22.736912820,GET,Country,ROU
2026-06-05T18:03:22.737061436,GET,Passenger,10
2026-06-05T18:03:22.739317857,GET,Country,ROU
2026-06-05T18:03:22.740239171,GET,Country,ROU
2026-06-05T18:03:22.740326277,GET,Passenger,1
2026-06-05T18:03:22.741728572,GET,Country,ROU
2026-06-05T18:03:22.743382588,GET,Country,ROU
2026-06-05T18:03:22.743532336,GET,Passenger,2
2026-06-05T18:03:22.743627357,GET,Flight,FL100
2026-06-05T18:03:29.530686675,GET,Country,ROU
2026-06-05T18:03:29.530892475,GET,City,BUH
2026-06-05T18:03:29.530965067,GET,Airport,OTP
2026-06-05T18:03:29.532932028,GET,Country,FRA
2026-06-05T18:03:29.533075268,GET,City,PAR
2026-06-05T18:03:29.533122066,GET,Airport,CDG
2026-06-05T18:03:29.533171372,GET,Route,R-OTP-CDG
2026-06-05T18:03:29.535123889,GET,Airplane model,A320
2026-06-05T18:03:29.535292983,GET,Airplane,YR-LRC
2026-06-05T18:03:29.535420727,GET,Flight,FL100
2026-06-05T18:03:29.537296596,GET,Country,ROU
2026-06-05T18:03:29.538086683,GET,Country,ROU
2026-06-05T18:03:29.538173197,GET,Passenger,10
2026-06-05T18:03:29.539287625,GET,Country,ROU
2026-06-05T18:03:29.540076066,GET,Country,ROU
2026-06-05T18:03:29.540152017,GET,Passenger,1
2026-06-05T18:03:29.541417078,GET,Country,ROU
2026-06-05T18:03:29.542082813,GET,Country,ROU
2026-06-05T18:03:29.542169689,GET,Passenger,2
2026-06-05T18:03:29.542216473,GET,Flight,FL100
2026-06-05T18:03:50.440830513,GET,Country,ROU
2026-06-05T18:03:50.441216982,GET,City,BUH
2026-06-05T18:03:50.441444802,GET,Airport,OTP
2026-06-05T18:03:50.445088670,GET,Country,FRA
2026-06-05T18:03:50.445250353,GET,City,PAR
2026-06-05T18:03:50.445372790,GET,Airport,CDG
2026-06-05T18:03:50.445475687,GET,Route,R-OTP-CDG
2026-06-05T18:03:50.447614786,GET,Airplane model,A320
2026-06-05T18:03:50.447814900,GET,Airplane,YR-LRC
2026-06-05T18:03:50.447942942,GET,Flight,FL100
2026-06-05T18:03:50.450058847,GET,Country,ROU
2026-06-05T18:03:50.451191749,GET,Country,ROU
2026-06-05T18:03:50.451298680,GET,Passenger,10
2026-06-05T18:03:50.452564091,GET,Country,ROU
2026-06-05T18:03:50.453230318,GET,Country,ROU
2026-06-05T18:03:50.453302879,GET,Passenger,1
2026-06-05T18:03:50.454285735,GET,Country,ROU
2026-06-05T18:03:50.455110685,GET,Country,ROU
2026-06-05T18:03:50.455180564,GET,Passenger,2
2026-06-05T18:03:50.455231064,GET,Flight,FL100
2026-06-05T18:03:50.463095228,UPDATE,Flight,FL100
2026-06-05T18:07:43.668927545,GET,Country,FRA
2026-06-05T18:07:43.672503873,GET,City,PAR
2026-06-05T18:07:43.673015027,GET,Airport,CDG
2026-06-05T18:07:43.675543881,GET,Country,USA
2026-06-05T18:07:43.675683910,GET,City,NYC
2026-06-05T18:07:43.676163236,GET,Airport,JFK
2026-06-05T18:07:43.676275266,GET,Route,R-CDG-JFK
2026-06-05T18:07:43.679162853,GET,Airplane model,A388
2026-06-05T18:07:43.679708363,GET,Airplane,YR-AIR
2026-06-05T18:07:43.680569321,GET,Flight,FL200
2026-06-05T18:07:43.685660591,GET,Country,FRA
2026-06-05T18:07:43.688172181,GET,Country,FRA
2026-06-05T18:07:43.688389993,GET,Passenger,3
2026-06-05T18:07:43.689035015,GET,Flight,FL200
2026-06-05T18:07:50.359190139,GET,Country,FRA
2026-06-05T18:07:50.359370365,GET,City,PAR
2026-06-05T18:07:50.359447781,GET,Airport,CDG
2026-06-05T18:07:50.361709612,GET,Country,USA
2026-06-05T18:07:50.361895299,GET,City,NYC
2026-06-05T18:07:50.361999313,GET,Airport,JFK
2026-06-05T18:07:50.362108898,GET,Route,R-CDG-JFK
2026-06-05T18:07:50.363740967,GET,Airplane model,A388
2026-06-05T18:07:50.363907033,GET,Airplane,YR-AIR
2026-06-05T18:07:50.364034795,GET,Flight,FL200
2026-06-05T18:07:50.366195198,GET,Country,FRA
2026-06-05T18:07:50.367332999,GET,Country,FRA
2026-06-05T18:07:50.367455744,GET,Passenger,3
2026-06-05T18:07:50.367520089,GET,Flight,FL200
2026-06-05T18:09:14.180386933,GET,Country,ROU
2026-06-05T18:09:14.184122646,GET,City,BUH
2026-06-05T18:09:14.184363556,GET,Airport,OTP
2026-06-05T18:09:14.186685179,GET,Country,FRA
2026-06-05T18:09:14.186807617,GET,City,PAR
2026-06-05T18:09:14.187159471,GET,Airport,CDG
2026-06-05T18:09:14.187265334,GET,Route,R-OTP-CDG
2026-06-05T18:09:14.190850879,GET,Airplane model,A320
2026-06-05T18:09:14.191551307,GET,Airplane,YR-LRC
2026-06-05T18:09:14.192856824,GET,Flight,FL100
2026-06-05T18:09:14.198703210,GET,Country,ROU
2026-06-05T18:09:14.200222423,GET,Country,ROU
2026-06-05T18:09:14.200362024,GET,Passenger,10
2026-06-05T18:09:14.202401893,GET,Country,ROU
2026-06-05T18:09:14.203493144,GET,Country,ROU
2026-06-05T18:09:14.203590470,GET,Passenger,1
2026-06-05T18:09:14.205172793,GET,Country,ROU
2026-06-05T18:09:14.206191192,GET,Country,ROU
2026-06-05T18:09:14.206309303,GET,Passenger,2
2026-06-05T18:09:14.206390905,GET,Flight,FL100
2026-06-05T18:09:22.330554512,GET,Country,FRA
2026-06-05T18:09:22.330757065,GET,City,PAR
2026-06-05T18:09:22.330862561,GET,Airport,CDG
2026-06-05T18:09:22.335017960,GET,Country,USA
2026-06-05T18:09:22.335275975,GET,City,NYC
2026-06-05T18:09:22.336362766,GET,Airport,JFK
2026-06-05T18:09:22.336490503,GET,Route,R-CDG-JFK
2026-06-05T18:09:22.338982310,GET,Airplane model,A388
2026-06-05T18:09:22.339573767,GET,Airplane,YR-AIR
2026-06-05T18:09:22.339820099,GET,Flight,FL200
2026-06-05T18:09:22.343751598,GET,Country,FRA
2026-06-05T18:09:22.345659286,GET,Country,FRA
2026-06-05T18:09:22.345817956,GET,Passenger,3
2026-06-05T18:09:22.345948932,GET,Flight,FL200
2026-06-05T18:09:26.404761613,GET,Country,FRA
2026-06-05T18:09:26.405019383,GET,City,PAR
2026-06-05T18:09:26.405154367,GET,Airport,CDG
2026-06-05T18:09:26.407665867,GET,Country,USA
2026-06-05T18:09:26.407893631,GET,City,NYC
2026-06-05T18:09:26.408037298,GET,Airport,JFK
2026-06-05T18:09:26.408173137,GET,Route,R-CDG-JFK
2026-06-05T18:09:26.410242521,GET,Airplane model,A388
2026-06-05T18:09:26.410431330,GET,Airplane,YR-AIR
2026-06-05T18:09:26.410609607,GET,Flight,FL200
2026-06-05T18:09:26.413404140,GET,Country,FRA
2026-06-05T18:09:26.414793658,GET,Country,FRA
2026-06-05T18:09:26.414927020,GET,Passenger,3
2026-06-05T18:09:26.415014931,GET,Flight,FL200
2026-06-05T18:09:59.452713889,GET,Country,FRA
2026-06-05T18:09:59.456360015,GET,City,PAR
2026-06-05T18:09:59.456951076,GET,Airport,CDG
2026-06-05T18:09:59.459781003,GET,Country,USA
2026-06-05T18:09:59.459970158,GET,City,NYC
2026-06-05T18:09:59.460700632,GET,Airport,JFK
2026-06-05T18:09:59.460862875,GET,Route,R-CDG-JFK
2026-06-05T18:09:59.464285133,GET,Airplane model,A388
2026-06-05T18:09:59.464949383,GET,Airplane,YR-AIR
2026-06-05T18:09:59.466046977,GET,Flight,FL200
2026-06-05T18:09:59.472843412,GET,Country,FRA
2026-06-05T18:09:59.475188441,GET,Country,FRA
2026-06-05T18:09:59.475380626,GET,Passenger,3
2026-06-05T18:09:59.475896484,GET,Flight,FL200
2026-06-05T18:10:01.318616201,GET,Country,FRA
2026-06-05T18:10:01.318922495,GET,City,PAR
2026-06-05T18:10:01.319150398,GET,Airport,CDG
2026-06-05T18:10:01.323244521,GET,Country,USA
2026-06-05T18:10:01.323517269,GET,City,NYC
2026-06-05T18:10:01.323634359,GET,Airport,JFK
2026-06-05T18:10:01.323727843,GET,Route,R-CDG-JFK
2026-06-05T18:10:01.325725885,GET,Airplane model,A388
2026-06-05T18:10:01.325905799,GET,Airplane,YR-AIR
2026-06-05T18:10:01.326048145,GET,Flight,FL200
2026-06-05T18:10:01.328672869,GET,Country,FRA
2026-06-05T18:10:01.330236221,GET,Country,FRA
2026-06-05T18:10:01.330384239,GET,Passenger,3
2026-06-05T18:10:01.330453249,GET,Flight,FL200
2026-06-05T18:10:05.739380900,GET,Country,FRA
2026-06-05T18:10:05.739623554,GET,City,PAR
2026-06-05T18:10:05.739793849,GET,Airport,CDG
2026-06-05T18:10:05.742536067,GET,Country,USA
2026-06-05T18:10:05.742676044,GET,City,NYC
2026-06-05T18:10:05.742745258,GET,Airport,JFK
2026-06-05T18:10:05.742823156,GET,Route,R-CDG-JFK
2026-06-05T18:10:05.744816235,GET,Airplane model,A388
2026-06-05T18:10:05.745057801,GET,Airplane,YR-AIR
2026-06-05T18:10:05.745264848,GET,Flight,FL200
2026-06-05T18:10:05.748588180,GET,Country,FRA
2026-06-05T18:10:05.750122751,GET,Country,FRA
2026-06-05T18:10:05.750236353,GET,Passenger,3
2026-06-05T18:10:05.750303015,GET,Flight,FL200
2026-06-05T18:11:55.320906978,GET,Country,FRA
2026-06-05T18:11:55.324439206,GET,City,PAR
2026-06-05T18:11:55.324968952,GET,Airport,CDG
2026-06-05T18:11:55.327691915,GET,Country,USA
2026-06-05T18:11:55.327847623,GET,City,NYC
2026-06-05T18:11:55.328323852,GET,Airport,JFK
2026-06-05T18:11:55.328449395,GET,Route,R-CDG-JFK
2026-06-05T18:11:55.331436590,GET,Airplane model,A388
2026-06-05T18:11:55.331926335,GET,Airplane,YR-AIR
2026-06-05T18:11:55.332842175,GET,Flight,FL200
2026-06-05T18:11:55.338859490,GET,Country,FRA
2026-06-05T18:11:55.340753475,GET,Country,FRA
2026-06-05T18:11:55.340896893,GET,Passenger,3
2026-06-05T18:11:55.341319969,GET,Flight,FL200
2026-06-05T18:11:57.174361623,GET,Country,FRA
2026-06-05T18:11:57.174624916,GET,City,PAR
2026-06-05T18:11:57.174755682,GET,Airport,CDG
2026-06-05T18:11:57.178025365,GET,Country,USA
2026-06-05T18:11:57.178212749,GET,City,NYC
2026-06-05T18:11:57.178308538,GET,Airport,JFK
2026-06-05T18:11:57.178381241,GET,Route,R-CDG-JFK
2026-06-05T18:11:57.179913011,GET,Airplane model,A388
2026-06-05T18:11:57.180068311,GET,Airplane,YR-AIR
2026-06-05T18:11:57.180198321,GET,Flight,FL200
2026-06-05T18:11:57.182277992,GET,Country,FRA
2026-06-05T18:11:57.183963069,GET,Country,FRA
2026-06-05T18:11:57.184105072,GET,Passenger,3
2026-06-05T18:11:57.184193512,GET,Flight,FL200
